,accuracy,activation,max_iter,n_iter_no_change,solver,tol,knn
285,0.7840227344490054,tanh,300,15,adam,0.001,3
321,0.7840227344490054,tanh,500,15,adam,0.001,3
249,0.7840227344490054,tanh,200,15,adam,0.001,3
248,0.7832333438585412,tanh,200,15,adam,0.0001,3
236,0.7832333438585412,tanh,200,10,adam,0.0001,3
224,0.7832333438585412,tanh,200,5,adam,0.0001,3
1077,0.7827597095042627,logistic,500,15,adam,0.001,10
1005,0.7827597095042627,logistic,200,15,adam,0.001,10
1041,0.7827597095042627,logistic,300,15,adam,0.001,10
43,0.782443953268077,identity,300,5,sgd,0.1,3
7,0.782443953268077,identity,200,5,sgd,0.1,3
79,0.782443953268077,identity,500,5,sgd,0.1,3
609,0.7822860751499842,logistic,300,15,adam,0.001,5
573,0.7822860751499842,logistic,200,15,adam,0.001,5
645,0.7822860751499842,logistic,500,15,adam,0.001,5
8,0.7821281970318914,identity,200,5,adam,0.0001,3
23,0.7821281970318914,identity,200,10,adam,0.1,3
44,0.7821281970318914,identity,300,5,adam,0.0001,3
59,0.7821281970318914,identity,300,10,adam,0.1,3
95,0.7821281970318914,identity,500,10,adam,0.1,3
80,0.7821281970318914,identity,500,5,adam,0.0001,3
1247,0.7819703189137985,relu,300,10,adam,0.1,10
1283,0.7819703189137985,relu,500,10,adam,0.1,10
1211,0.7819703189137985,relu,200,10,adam,0.1,10
213,0.7818124407957057,logistic,500,15,adam,0.001,3
177,0.7818124407957057,logistic,300,15,adam,0.001,3
141,0.7818124407957057,logistic,200,15,adam,0.001,3
1185,0.7816545626776129,tanh,500,15,adam,0.001,10
1181,0.7816545626776129,tanh,500,15,sgd,0.001,10
1149,0.7816545626776129,tanh,300,15,adam,0.001,10
1109,0.7816545626776129,tanh,200,15,sgd,0.001,10
1145,0.7816545626776129,tanh,300,15,sgd,0.001,10
1113,0.7816545626776129,tanh,200,15,adam,0.001,10
1098,0.78149668455952,tanh,200,10,sgd,0.01,10
247,0.78149668455952,tanh,200,15,sgd,0.1,3
1134,0.78149668455952,tanh,300,10,sgd,0.01,10
283,0.78149668455952,tanh,300,15,sgd,0.1,3
319,0.78149668455952,tanh,500,15,sgd,0.1,3
1170,0.78149668455952,tanh,500,10,sgd,0.01,10
1084,0.7813388064414272,tanh,200,5,sgd,0.0001,10
1096,0.7813388064414272,tanh,200,10,sgd,0.0001,10
439,0.7813388064414272,identity,200,5,sgd,0.1,5
802,0.7813388064414272,relu,300,5,adam,0.01,5
766,0.7813388064414272,relu,200,5,adam,0.01,5
475,0.7813388064414272,identity,300,5,sgd,0.1,5
1097,0.7813388064414272,tanh,200,10,sgd,0.001,10
511,0.7813388064414272,identity,500,5,sgd,0.1,5
1147,0.7813388064414272,tanh,300,15,sgd,0.1,10
1111,0.7813388064414272,tanh,200,15,sgd,0.1,10
1108,0.7813388064414272,tanh,200,15,sgd,0.0001,10
1110,0.7813388064414272,tanh,200,15,sgd,0.01,10
1157,0.7813388064414272,tanh,500,5,sgd,0.001,10
1121,0.7813388064414272,tanh,300,5,sgd,0.001,10
1133,0.7813388064414272,tanh,300,10,sgd,0.001,10
1183,0.7813388064414272,tanh,500,15,sgd,0.1,10
1182,0.7813388064414272,tanh,500,15,sgd,0.01,10
1146,0.7813388064414272,tanh,300,15,sgd,0.01,10
1169,0.7813388064414272,tanh,500,10,sgd,0.001,10
838,0.7813388064414272,relu,500,5,adam,0.01,5
1085,0.7813388064414272,tanh,200,5,sgd,0.001,10
305,0.7811809283233344,tanh,500,10,sgd,0.001,3
233,0.7811809283233344,tanh,200,10,sgd,0.001,3
282,0.7811809283233344,tanh,300,15,sgd,0.01,3
281,0.7811809283233344,tanh,300,15,sgd,0.001,3
269,0.7811809283233344,tanh,300,10,sgd,0.001,3
317,0.7811809283233344,tanh,500,15,sgd,0.001,3
318,0.7811809283233344,tanh,500,15,sgd,0.01,3
246,0.7811809283233344,tanh,200,15,sgd,0.01,3
245,0.7811809283233344,tanh,200,15,sgd,0.001,3
1233,0.7810230502052415,relu,300,5,adam,0.001,10
665,0.7810230502052415,tanh,200,10,sgd,0.001,5
1246,0.7810230502052415,relu,300,10,adam,0.01,10
701,0.7810230502052415,tanh,300,10,sgd,0.001,5
713,0.7810230502052415,tanh,300,15,sgd,0.001,5
1269,0.7810230502052415,relu,500,5,adam,0.001,10
749,0.7810230502052415,tanh,500,15,sgd,0.001,5
1282,0.7810230502052415,relu,500,10,adam,0.01,10
677,0.7810230502052415,tanh,200,15,sgd,0.001,5
737,0.7810230502052415,tanh,500,10,sgd,0.001,5
1210,0.7810230502052415,relu,200,10,adam,0.01,10
1197,0.7810230502052415,relu,200,5,adam,0.001,10
257,0.7808651720871487,tanh,300,5,sgd,0.001,3
234,0.7808651720871487,tanh,200,10,sgd,0.01,3
656,0.7808651720871487,tanh,200,5,adam,0.0001,5
750,0.7808651720871487,tanh,500,15,sgd,0.01,5
715,0.7808651720871487,tanh,300,15,sgd,0.1,5
270,0.7808651720871487,tanh,300,10,sgd,0.01,3
221,0.7808651720871487,tanh,200,5,sgd,0.001,3
714,0.7808651720871487,tanh,300,15,sgd,0.01,5
293,0.7808651720871487,tanh,500,5,sgd,0.001,3
751,0.7808651720871487,tanh,500,15,sgd,0.1,5
680,0.7808651720871487,tanh,200,15,adam,0.0001,5
306,0.7808651720871487,tanh,500,10,sgd,0.01,3
679,0.7808651720871487,tanh,200,15,sgd,0.1,5
668,0.7808651720871487,tanh,200,10,adam,0.0001,5
678,0.7808651720871487,tanh,200,15,sgd,0.01,5
1099,0.7807072939690559,tanh,200,10,sgd,0.1,10
335,0.7807072939690559,relu,200,5,adam,0.1,3
1270,0.7807072939690559,relu,500,5,adam,0.01,10
407,0.7807072939690559,relu,500,5,adam,0.1,3
653,0.7807072939690559,tanh,200,5,sgd,0.001,5
371,0.7807072939690559,relu,300,5,adam,0.1,3
943,0.7807072939690559,identity,500,5,sgd,0.1,10
1171,0.7807072939690559,tanh,500,10,sgd,0.1,10
296,0.7807072939690559,tanh,500,5,adam,0.0001,3
1198,0.7807072939690559,relu,200,5,adam,0.01,10
689,0.7807072939690559,tanh,300,5,sgd,0.001,5
907,0.7807072939690559,identity,300,5,sgd,0.1,10
1234,0.7807072939690559,relu,300,5,adam,0.01,10
871,0.7807072939690559,identity,200,5,sgd,0.1,10
1135,0.7807072939690559,tanh,300,10,sgd,0.1,10
725,0.7807072939690559,tanh,500,5,sgd,0.001,5
308,0.780549415850963,tanh,500,10,adam,0.0001,3
320,0.780549415850963,tanh,500,15,adam,0.0001,3
702,0.7803915377328702,tanh,300,10,sgd,0.01,5
738,0.7803915377328702,tanh,500,10,sgd,0.01,5
666,0.7803915377328702,tanh,200,10,sgd,0.01,5
235,0.7802336596147774,tanh,200,10,sgd,0.1,3
307,0.7802336596147774,tanh,500,10,sgd,0.1,3
271,0.7802336596147774,tanh,300,10,sgd,0.1,3
739,0.7800757814966846,tanh,500,10,sgd,0.1,5
839,0.7800757814966846,relu,500,5,adam,0.1,5
803,0.7800757814966846,relu,300,5,adam,0.1,5
767,0.7800757814966846,relu,200,5,adam,0.1,5
703,0.7800757814966846,tanh,300,10,sgd,0.1,5
396,0.7800757814966846,relu,500,5,lbfgs,0.0001,3
408,0.7800757814966846,relu,500,10,lbfgs,0.0001,3
667,0.7800757814966846,tanh,200,10,sgd,0.1,5
420,0.7800757814966846,relu,500,15,lbfgs,0.0001,3
1122,0.7797600252604989,tanh,300,5,sgd,0.01,10
1158,0.7797600252604989,tanh,500,5,sgd,0.01,10
1086,0.7797600252604989,tanh,200,5,sgd,0.01,10
1042,0.779602147142406,logistic,300,15,adam,0.01,10
1220,0.779602147142406,relu,200,15,adam,0.0001,10
1029,0.779602147142406,logistic,300,10,adam,0.001,10
1006,0.779602147142406,logistic,200,15,adam,0.01,10
993,0.779602147142406,logistic,200,10,adam,0.001,10
1196,0.779602147142406,relu,200,5,adam,0.0001,10
1208,0.779602147142406,relu,200,10,adam,0.0001,10
1065,0.779602147142406,logistic,500,10,adam,0.001,10
1078,0.779602147142406,logistic,500,15,adam,0.01,10
455,0.7794442690243132,identity,200,10,adam,0.1,5
476,0.7794442690243132,identity,300,5,adam,0.0001,5
491,0.7794442690243132,identity,300,10,adam,0.1,5
440,0.7794442690243132,identity,200,5,adam,0.0001,5
512,0.7794442690243132,identity,500,5,adam,0.0001,5
527,0.7794442690243132,identity,500,10,adam,0.1,5
369,0.7791285127881276,relu,300,5,adam,0.001,3
333,0.7791285127881276,relu,200,5,adam,0.001,3
405,0.7791285127881276,relu,500,5,adam,0.001,3
646,0.7789706346700347,logistic,500,15,adam,0.01,5
597,0.7789706346700347,logistic,300,10,adam,0.001,5
633,0.7789706346700347,logistic,500,10,adam,0.001,5
561,0.7789706346700347,logistic,200,10,adam,0.001,5
610,0.7789706346700347,logistic,300,15,adam,0.01,5
574,0.7789706346700347,logistic,200,15,adam,0.01,5
704,0.7786548784338491,tanh,300,10,adam,0.0001,5
692,0.7786548784338491,tanh,300,5,adam,0.0001,5
716,0.7786548784338491,tanh,300,15,adam,0.0001,5
121,0.7784970003157562,logistic,200,10,lbfgs,0.001,3
193,0.7784970003157562,logistic,500,10,lbfgs,0.001,3
145,0.7784970003157562,logistic,300,5,lbfgs,0.001,3
205,0.7784970003157562,logistic,500,15,lbfgs,0.001,3
181,0.7784970003157562,logistic,500,5,lbfgs,0.001,3
109,0.7784970003157562,logistic,200,5,lbfgs,0.001,3
157,0.7784970003157562,logistic,300,10,lbfgs,0.001,3
133,0.7784970003157562,logistic,200,15,lbfgs,0.001,3
169,0.7784970003157562,logistic,300,15,lbfgs,0.001,3
923,0.7783391221976634,identity,300,10,adam,0.1,10
1235,0.7783391221976634,relu,300,5,adam,0.1,10
959,0.7783391221976634,identity,500,10,adam,0.1,10
872,0.7783391221976634,identity,200,5,adam,0.0001,10
887,0.7783391221976634,identity,200,10,adam,0.1,10
908,0.7783391221976634,identity,300,5,adam,0.0001,10
1199,0.7783391221976634,relu,200,5,adam,0.1,10
944,0.7783391221976634,identity,500,5,adam,0.0001,10
1271,0.7783391221976634,relu,500,5,adam,0.1,10
779,0.7780233659614777,relu,200,10,adam,0.1,5
815,0.7780233659614777,relu,300,10,adam,0.1,5
851,0.7780233659614777,relu,500,10,adam,0.1,5
1079,0.7778654878433849,logistic,500,15,adam,0.1,10
1007,0.7778654878433849,logistic,200,15,adam,0.1,10
1043,0.7778654878433849,logistic,300,15,adam,0.1,10
652,0.7777076097252921,tanh,200,5,sgd,0.0001,5
676,0.7777076097252921,tanh,200,15,sgd,0.0001,5
664,0.7777076097252921,tanh,200,10,sgd,0.0001,5
98,0.7773918534891064,identity,500,15,lbfgs,0.01,3
62,0.7773918534891064,identity,300,15,lbfgs,0.01,3
26,0.7773918534891064,identity,200,15,lbfgs,0.01,3
14,0.7773918534891064,identity,200,10,lbfgs,0.01,3
50,0.7773918534891064,identity,300,10,lbfgs,0.01,3
86,0.7773918534891064,identity,500,10,lbfgs,0.01,3
74,0.7773918534891064,identity,500,5,lbfgs,0.01,3
2,0.7773918534891064,identity,200,5,lbfgs,0.01,3
38,0.7773918534891064,identity,300,5,lbfgs,0.01,3
347,0.7762867066624566,relu,200,10,adam,0.1,3
383,0.7762867066624566,relu,300,10,adam,0.1,3
6,0.7762867066624566,identity,200,5,sgd,0.01,3
419,0.7762867066624566,relu,500,10,adam,0.1,3
42,0.7762867066624566,identity,300,5,sgd,0.01,3
78,0.7762867066624566,identity,500,5,sgd,0.01,3
201,0.775970950426271,logistic,500,10,adam,0.001,3
300,0.775970950426271,tanh,500,10,lbfgs,0.0001,3
178,0.775970950426271,logistic,300,15,adam,0.01,3
214,0.775970950426271,logistic,500,15,adam,0.01,3
312,0.775970950426271,tanh,500,15,lbfgs,0.0001,3
129,0.775970950426271,logistic,200,10,adam,0.001,3
288,0.775970950426271,tanh,500,5,lbfgs,0.0001,3
142,0.775970950426271,logistic,200,15,adam,0.01,3
165,0.775970950426271,logistic,300,10,adam,0.001,3
45,0.7756551941900852,identity,300,5,adam,0.001,3
9,0.7756551941900852,identity,200,5,adam,0.001,3
81,0.7756551941900852,identity,500,5,adam,0.001,3
46,0.7754973160719925,identity,300,5,adam,0.01,3
10,0.7754973160719925,identity,200,5,adam,0.01,3
82,0.7754973160719925,identity,500,5,adam,0.01,3
130,0.7742342911272497,logistic,200,10,adam,0.01,3
117,0.7742342911272497,logistic,200,5,adam,0.001,3
153,0.7742342911272497,logistic,300,5,adam,0.001,3
202,0.7742342911272497,logistic,500,10,adam,0.01,3
166,0.7742342911272497,logistic,300,10,adam,0.01,3
189,0.7742342911272497,logistic,500,5,adam,0.001,3
837,0.774076413009157,relu,500,5,adam,0.001,5
801,0.774076413009157,relu,300,5,adam,0.001,5
765,0.774076413009157,relu,200,5,adam,0.001,5
778,0.774076413009157,relu,200,10,adam,0.01,5
850,0.774076413009157,relu,500,10,adam,0.01,5
814,0.774076413009157,relu,300,10,adam,0.01,5
1017,0.7739185348910641,logistic,300,5,adam,0.001,10
981,0.7739185348910641,logistic,200,5,adam,0.001,10
994,0.7739185348910641,logistic,200,10,adam,0.01,10
1030,0.7739185348910641,logistic,300,10,adam,0.01,10
1066,0.7739185348910641,logistic,500,10,adam,0.01,10
1053,0.7739185348910641,logistic,500,5,adam,0.001,10
562,0.7737606567729712,logistic,200,10,adam,0.01,5
634,0.7737606567729712,logistic,500,10,adam,0.01,5
549,0.7737606567729712,logistic,200,5,adam,0.001,5
621,0.7737606567729712,logistic,500,5,adam,0.001,5
598,0.7737606567729712,logistic,300,10,adam,0.01,5
585,0.7737606567729712,logistic,300,5,adam,0.001,5
575,0.7736027786548785,logistic,200,15,adam,0.1,5
647,0.7736027786548785,logistic,500,15,adam,0.1,5
611,0.7736027786548785,logistic,300,15,adam,0.1,5
179,0.7734449005367856,logistic,300,15,adam,0.1,3
143,0.7734449005367856,logistic,200,15,adam,0.1,3
215,0.7734449005367856,logistic,500,15,adam,0.1,3
441,0.7731291443006,identity,200,5,adam,0.001,5
513,0.7731291443006,identity,500,5,adam,0.001,5
510,0.7731291443006,identity,500,5,sgd,0.01,5
474,0.7731291443006,identity,300,5,sgd,0.01,5
438,0.7731291443006,identity,200,5,sgd,0.01,5
477,0.7731291443006,identity,300,5,adam,0.001,5
442,0.7729712661825071,identity,200,5,adam,0.01,5
478,0.7729712661825071,identity,300,5,adam,0.01,5
514,0.7729712661825071,identity,500,5,adam,0.01,5
1186,0.7724976318282286,tanh,500,15,adam,0.01,10
1150,0.7724976318282286,tanh,300,15,adam,0.01,10
1114,0.7724976318282286,tanh,200,15,adam,0.01,10
564,0.7723397537101357,logistic,200,15,lbfgs,0.0001,5
552,0.7723397537101357,logistic,200,10,lbfgs,0.0001,5
540,0.7723397537101357,logistic,200,5,lbfgs,0.0001,5
705,0.7717082412377645,tanh,300,10,adam,0.001,5
1156,0.7717082412377645,tanh,500,5,sgd,0.0001,10
741,0.7717082412377645,tanh,500,10,adam,0.001,5
669,0.7717082412377645,tanh,200,10,adam,0.001,5
1120,0.7717082412377645,tanh,300,5,sgd,0.0001,10
83,0.7715503631196716,identity,500,5,adam,0.1,3
47,0.7715503631196716,identity,300,5,adam,0.1,3
11,0.7715503631196716,identity,200,5,adam,0.1,3
304,0.7713924850015788,tanh,500,10,sgd,0.0001,3
268,0.7713924850015788,tanh,300,10,sgd,0.0001,3
909,0.7709188506473003,identity,300,5,adam,0.001,10
945,0.7709188506473003,identity,500,5,adam,0.001,10
280,0.7709188506473003,tanh,300,15,sgd,0.0001,3
873,0.7709188506473003,identity,200,5,adam,0.001,10
316,0.7706030944111146,tanh,500,15,sgd,0.0001,3
942,0.7704452162930218,identity,500,5,sgd,0.01,10
870,0.7704452162930218,identity,200,5,sgd,0.01,10
906,0.7704452162930218,identity,300,5,sgd,0.01,10
1054,0.770287338174929,logistic,500,5,adam,0.01,10
946,0.770287338174929,identity,500,5,adam,0.01,10
910,0.770287338174929,identity,300,5,adam,0.01,10
874,0.770287338174929,identity,200,5,adam,0.01,10
1162,0.770287338174929,tanh,500,5,adam,0.01,10
1126,0.770287338174929,tanh,300,5,adam,0.01,10
982,0.770287338174929,logistic,200,5,adam,0.01,10
1031,0.770287338174929,logistic,300,10,adam,0.1,10
1067,0.770287338174929,logistic,500,10,adam,0.1,10
1018,0.770287338174929,logistic,300,5,adam,0.01,10
995,0.770287338174929,logistic,200,10,adam,0.1,10
1090,0.770287338174929,tanh,200,5,adam,0.01,10
635,0.7701294600568361,logistic,500,10,adam,0.1,5
167,0.7701294600568361,logistic,300,10,adam,0.1,3
190,0.7701294600568361,logistic,500,5,adam,0.01,3
203,0.7701294600568361,logistic,500,10,adam,0.1,3
563,0.7701294600568361,logistic,200,10,adam,0.1,5
131,0.7701294600568361,logistic,200,10,adam,0.1,3
154,0.7701294600568361,logistic,300,5,adam,0.01,3
599,0.7701294600568361,logistic,300,10,adam,0.1,5
118,0.7701294600568361,logistic,200,5,adam,0.01,3
550,0.7698137038206505,logistic,200,5,adam,0.01,5
586,0.7698137038206505,logistic,300,5,adam,0.01,5
1168,0.7698137038206505,tanh,500,10,sgd,0.0001,10
1132,0.7698137038206505,tanh,300,10,sgd,0.0001,10
622,0.7698137038206505,logistic,500,5,adam,0.01,5
1187,0.7694979475844648,tanh,500,15,adam,0.1,10
1115,0.7694979475844648,tanh,200,15,adam,0.1,10
1151,0.7694979475844648,tanh,300,15,adam,0.1,10
515,0.769340069466372,identity,500,5,adam,0.1,5
272,0.769340069466372,tanh,300,10,adam,0.0001,3
284,0.769340069466372,tanh,300,15,adam,0.0001,3
443,0.769340069466372,identity,200,5,adam,0.1,5
479,0.769340069466372,identity,300,5,adam,0.1,5
260,0.769340069466372,tanh,300,5,adam,0.0001,3
1144,0.7691821913482791,tanh,300,15,sgd,0.0001,10
334,0.7691821913482791,relu,200,5,adam,0.01,3
406,0.7691821913482791,relu,500,5,adam,0.01,3
370,0.7691821913482791,relu,300,5,adam,0.01,3
1180,0.7690243132301863,tanh,500,15,sgd,0.0001,10
536,0.7688664351120935,identity,500,15,adam,0.0001,5
464,0.7688664351120935,identity,200,15,adam,0.0001,5
500,0.7688664351120935,identity,300,15,adam,0.0001,5
911,0.7685506788759078,identity,300,5,adam,0.1,10
947,0.7685506788759078,identity,500,5,adam,0.1,10
875,0.7685506788759078,identity,200,5,adam,0.1,10
1069,0.7680770445216293,logistic,500,15,lbfgs,0.001,10
1021,0.7680770445216293,logistic,300,10,lbfgs,0.001,10
1057,0.7680770445216293,logistic,500,10,lbfgs,0.001,10
973,0.7680770445216293,logistic,200,5,lbfgs,0.001,10
1045,0.7680770445216293,logistic,500,5,lbfgs,0.001,10
985,0.7680770445216293,logistic,200,10,lbfgs,0.001,10
1033,0.7680770445216293,logistic,300,15,lbfgs,0.001,10
1009,0.7680770445216293,logistic,300,5,lbfgs,0.001,10
997,0.7680770445216293,logistic,200,15,lbfgs,0.001,10
1137,0.7671297758130723,tanh,300,10,adam,0.001,10
1101,0.7671297758130723,tanh,200,10,adam,0.001,10
1173,0.7671297758130723,tanh,500,10,adam,0.001,10
1019,0.7666561414587938,logistic,300,5,adam,0.1,10
983,0.7666561414587938,logistic,200,5,adam,0.1,10
1055,0.7666561414587938,logistic,500,5,adam,0.1,10
551,0.7655509946321439,logistic,200,5,adam,0.1,5
587,0.7655509946321439,logistic,300,5,adam,0.1,5
623,0.7655509946321439,logistic,500,5,adam,0.1,5
119,0.7649194821597727,logistic,200,5,adam,0.1,3
191,0.7649194821597727,logistic,500,5,adam,0.1,3
155,0.7649194821597727,logistic,300,5,adam,0.1,3
262,0.7644458478054942,tanh,300,5,adam,0.01,3
298,0.7644458478054942,tanh,500,5,adam,0.01,3
226,0.7644458478054942,tanh,200,5,adam,0.01,3
683,0.7642879696874013,tanh,200,15,adam,0.1,5
755,0.7642879696874013,tanh,500,15,adam,0.1,5
719,0.7642879696874013,tanh,300,15,adam,0.1,5
896,0.7641300915693084,identity,200,15,adam,0.0001,10
932,0.7641300915693084,identity,300,15,adam,0.0001,10
968,0.7641300915693084,identity,500,15,adam,0.0001,10
688,0.7633407009788443,tanh,300,5,sgd,0.0001,5
724,0.7633407009788443,tanh,500,5,sgd,0.0001,5
1289,0.7628670666245658,relu,500,15,sgd,0.001,10
1217,0.7628670666245658,relu,200,15,sgd,0.001,10
1253,0.7628670666245658,relu,300,15,sgd,0.001,10
294,0.762709188506473,tanh,500,5,sgd,0.01,3
222,0.762709188506473,tanh,200,5,sgd,0.01,3
258,0.762709188506473,tanh,300,5,sgd,0.01,3
1123,0.7623934322702873,tanh,300,5,sgd,0.1,10
785,0.7623934322702873,relu,200,15,sgd,0.001,5
1087,0.7623934322702873,tanh,200,5,sgd,0.1,10
223,0.7623934322702873,tanh,200,5,sgd,0.1,3
821,0.7623934322702873,relu,300,15,sgd,0.001,5
259,0.7623934322702873,tanh,300,5,sgd,0.1,3
857,0.7623934322702873,relu,500,15,sgd,0.001,5
295,0.7623934322702873,tanh,500,5,sgd,0.1,3
1159,0.7623934322702873,tanh,500,5,sgd,0.1,10
726,0.7622355541521945,tanh,500,5,sgd,0.01,5
690,0.7622355541521945,tanh,300,5,sgd,0.01,5
654,0.7622355541521945,tanh,200,5,sgd,0.01,5
655,0.761761919797916,tanh,200,5,sgd,0.1,5
691,0.761761919797916,tanh,300,5,sgd,0.1,5
727,0.761761919797916,tanh,500,5,sgd,0.1,5
389,0.7614461635617303,relu,300,15,sgd,0.001,3
353,0.7614461635617303,relu,200,15,sgd,0.001,3
425,0.7614461635617303,relu,500,15,sgd,0.001,3
736,0.7612882854436375,tanh,500,10,sgd,0.0001,5
748,0.7612882854436375,tanh,500,15,sgd,0.0001,5
728,0.7612882854436375,tanh,500,5,adam,0.0001,5
712,0.7612882854436375,tanh,300,15,sgd,0.0001,5
700,0.7612882854436375,tanh,300,10,sgd,0.0001,5
980,0.7609725292074518,logistic,200,5,adam,0.0001,10
1004,0.7609725292074518,logistic,200,15,adam,0.0001,10
992,0.7609725292074518,logistic,200,10,adam,0.0001,10
1100,0.7604988948531733,tanh,200,10,adam,0.0001,10
1088,0.7604988948531733,tanh,200,5,adam,0.0001,10
1112,0.7604988948531733,tanh,200,15,adam,0.0001,10
1089,0.7603410167350805,tanh,200,5,adam,0.001,10
1161,0.7603410167350805,tanh,500,5,adam,0.001,10
1125,0.7603410167350805,tanh,300,5,adam,0.001,10
1072,0.7601831386169877,logistic,500,15,sgd,0.0001,10
1000,0.7601831386169877,logistic,200,15,sgd,0.0001,10
1036,0.7601831386169877,logistic,300,15,sgd,0.0001,10
604,0.7600252604988949,logistic,300,15,sgd,0.0001,5
568,0.7600252604988949,logistic,200,15,sgd,0.0001,5
1024,0.7600252604988949,logistic,300,10,sgd,0.0001,10
640,0.7600252604988949,logistic,500,15,sgd,0.0001,5
988,0.7600252604988949,logistic,200,10,sgd,0.0001,10
1016,0.7600252604988949,logistic,300,5,adam,0.0001,10
1052,0.7600252604988949,logistic,500,5,adam,0.0001,10
1060,0.7600252604988949,logistic,500,10,sgd,0.0001,10
809,0.759867382380802,relu,300,10,sgd,0.001,5
556,0.759867382380802,logistic,200,10,sgd,0.0001,5
124,0.759867382380802,logistic,200,10,sgd,0.0001,3
136,0.759867382380802,logistic,200,15,sgd,0.0001,3
160,0.759867382380802,logistic,300,10,sgd,0.0001,3
845,0.759867382380802,relu,500,10,sgd,0.001,5
196,0.759867382380802,logistic,500,10,sgd,0.0001,3
628,0.759867382380802,logistic,500,10,sgd,0.0001,5
208,0.759867382380802,logistic,500,15,sgd,0.0001,3
773,0.759867382380802,relu,200,10,sgd,0.001,5
172,0.759867382380802,logistic,300,15,sgd,0.0001,3
592,0.759867382380802,logistic,300,10,sgd,0.0001,5
553,0.7597095042627092,logistic,200,10,lbfgs,0.001,5
541,0.7597095042627092,logistic,200,5,lbfgs,0.001,5
625,0.7597095042627092,logistic,500,10,lbfgs,0.001,5
601,0.7597095042627092,logistic,300,15,lbfgs,0.001,5
1277,0.7597095042627092,relu,500,10,sgd,0.001,10
637,0.7597095042627092,logistic,500,15,lbfgs,0.001,5
613,0.7597095042627092,logistic,500,5,lbfgs,0.001,5
565,0.7597095042627092,logistic,200,15,lbfgs,0.001,5
589,0.7597095042627092,logistic,300,10,lbfgs,0.001,5
577,0.7597095042627092,logistic,300,5,lbfgs,0.001,5
1205,0.7597095042627092,relu,200,10,sgd,0.001,10
1241,0.7597095042627092,relu,300,10,sgd,0.001,10
1076,0.7595516261446164,logistic,500,15,adam,0.0001,10
644,0.7593937480265235,logistic,500,15,adam,0.0001,5
632,0.7593937480265235,logistic,500,10,adam,0.0001,5
341,0.758920113672245,relu,200,10,sgd,0.001,3
377,0.758920113672245,relu,300,10,sgd,0.001,3
413,0.758920113672245,relu,500,10,sgd,0.001,3
616,0.7586043574360594,logistic,500,5,sgd,0.0001,5
1048,0.7586043574360594,logistic,500,5,sgd,0.0001,10
976,0.7586043574360594,logistic,200,5,sgd,0.0001,10
580,0.7586043574360594,logistic,300,5,sgd,0.0001,5
544,0.7586043574360594,logistic,200,5,sgd,0.0001,5
1012,0.7586043574360594,logistic,300,5,sgd,0.0001,10
112,0.7582886011998737,logistic,200,5,sgd,0.0001,3
184,0.7582886011998737,logistic,500,5,sgd,0.0001,3
148,0.7582886011998737,logistic,300,5,sgd,0.0001,3
797,0.7576570887275024,relu,300,5,sgd,0.001,5
761,0.7576570887275024,relu,200,5,sgd,0.001,5
833,0.7576570887275024,relu,500,5,sgd,0.001,5
1265,0.7574992106094095,relu,500,5,sgd,0.001,10
1193,0.7574992106094095,relu,200,5,sgd,0.001,10
1229,0.7574992106094095,relu,300,5,sgd,0.001,10
608,0.7573413324913167,logistic,300,15,adam,0.0001,5
596,0.7573413324913167,logistic,300,10,adam,0.0001,5
560,0.757025576255131,logistic,200,10,adam,0.0001,5
548,0.757025576255131,logistic,200,5,adam,0.0001,5
572,0.757025576255131,logistic,200,15,adam,0.0001,5
781,0.7565519419008525,relu,200,15,lbfgs,0.001,5
768,0.7565519419008525,relu,200,10,lbfgs,0.0001,5
757,0.7565519419008525,relu,200,5,lbfgs,0.001,5
780,0.7565519419008525,relu,200,15,lbfgs,0.0001,5
769,0.7565519419008525,relu,200,10,lbfgs,0.001,5
756,0.7565519419008525,relu,200,5,lbfgs,0.0001,5
329,0.7563940637827598,relu,200,5,sgd,0.001,3
401,0.7563940637827598,relu,500,5,sgd,0.001,3
365,0.7563940637827598,relu,300,5,sgd,0.001,3
1189,0.756078307546574,relu,200,5,lbfgs,0.001,10
1213,0.756078307546574,relu,200,15,lbfgs,0.001,10
1212,0.756078307546574,relu,200,15,lbfgs,0.0001,10
1201,0.756078307546574,relu,200,10,lbfgs,0.001,10
1200,0.756078307546574,relu,200,10,lbfgs,0.0001,10
1188,0.756078307546574,relu,200,5,lbfgs,0.0001,10
853,0.7559204294284813,relu,500,15,lbfgs,0.001,5
829,0.7559204294284813,relu,500,5,lbfgs,0.001,5
841,0.7559204294284813,relu,500,10,lbfgs,0.001,5
1292,0.7559204294284813,relu,500,15,adam,0.0001,10
1172,0.7557625513103884,tanh,500,10,adam,0.0001,10
1184,0.7557625513103884,tanh,500,15,adam,0.0001,10
1160,0.7556046731922955,tanh,500,5,adam,0.0001,10
852,0.7556046731922955,relu,500,15,lbfgs,0.0001,5
828,0.7556046731922955,relu,500,5,lbfgs,0.0001,5
840,0.7556046731922955,relu,500,10,lbfgs,0.0001,5
698,0.7554467950742028,tanh,300,10,lbfgs,0.01,5
746,0.7554467950742028,tanh,500,15,lbfgs,0.01,5
650,0.7554467950742028,tanh,200,5,lbfgs,0.01,5
710,0.7554467950742028,tanh,300,15,lbfgs,0.01,5
1178,0.7554467950742028,tanh,500,15,lbfgs,0.01,10
722,0.7554467950742028,tanh,500,5,lbfgs,0.01,5
686,0.7554467950742028,tanh,300,5,lbfgs,0.01,5
1166,0.7554467950742028,tanh,500,10,lbfgs,0.01,10
674,0.7554467950742028,tanh,200,15,lbfgs,0.01,5
1154,0.7554467950742028,tanh,500,5,lbfgs,0.01,10
662,0.7554467950742028,tanh,200,10,lbfgs,0.01,5
1142,0.7554467950742028,tanh,300,15,lbfgs,0.01,10
734,0.7554467950742028,tanh,500,10,lbfgs,0.01,5
1106,0.7554467950742028,tanh,200,15,lbfgs,0.01,10
1082,0.7554467950742028,tanh,200,5,lbfgs,0.01,10
1130,0.7554467950742028,tanh,300,10,lbfgs,0.01,10
1118,0.7554467950742028,tanh,300,5,lbfgs,0.01,10
1094,0.7554467950742028,tanh,200,10,lbfgs,0.01,10
290,0.755131038838017,tanh,500,5,lbfgs,0.01,3
314,0.755131038838017,tanh,500,15,lbfgs,0.01,3
254,0.755131038838017,tanh,300,5,lbfgs,0.01,3
266,0.755131038838017,tanh,300,10,lbfgs,0.01,3
230,0.755131038838017,tanh,200,10,lbfgs,0.01,3
218,0.755131038838017,tanh,200,5,lbfgs,0.01,3
278,0.755131038838017,tanh,300,15,lbfgs,0.01,3
817,0.755131038838017,relu,300,15,lbfgs,0.001,5
302,0.755131038838017,tanh,500,10,lbfgs,0.01,3
816,0.755131038838017,relu,300,15,lbfgs,0.0001,5
805,0.755131038838017,relu,300,10,lbfgs,0.001,5
793,0.755131038838017,relu,300,5,lbfgs,0.001,5
792,0.755131038838017,relu,300,5,lbfgs,0.0001,5
804,0.755131038838017,relu,300,10,lbfgs,0.0001,5
242,0.755131038838017,tanh,200,15,lbfgs,0.01,3
998,0.7549731607199243,logistic,200,15,lbfgs,0.01,10
986,0.7549731607199243,logistic,200,10,lbfgs,0.01,10
1046,0.7549731607199243,logistic,500,5,lbfgs,0.01,10
974,0.7549731607199243,logistic,200,5,lbfgs,0.01,10
1022,0.7549731607199243,logistic,300,10,lbfgs,0.01,10
1070,0.7549731607199243,logistic,500,15,lbfgs,0.01,10
1058,0.7549731607199243,logistic,500,10,lbfgs,0.01,10
1010,0.7549731607199243,logistic,300,5,lbfgs,0.01,10
1034,0.7549731607199243,logistic,300,15,lbfgs,0.01,10
170,0.7548152826018314,logistic,300,15,lbfgs,0.01,3
182,0.7548152826018314,logistic,500,5,lbfgs,0.01,3
542,0.7548152826018314,logistic,200,5,lbfgs,0.01,5
554,0.7548152826018314,logistic,200,10,lbfgs,0.01,5
158,0.7548152826018314,logistic,300,10,lbfgs,0.01,3
566,0.7548152826018314,logistic,200,15,lbfgs,0.01,5
146,0.7548152826018314,logistic,300,5,lbfgs,0.01,3
122,0.7548152826018314,logistic,200,10,lbfgs,0.01,3
578,0.7548152826018314,logistic,300,5,lbfgs,0.01,5
134,0.7548152826018314,logistic,200,15,lbfgs,0.01,3
110,0.7548152826018314,logistic,200,5,lbfgs,0.01,3
1073,0.7548152826018314,logistic,500,15,sgd,0.001,10
1037,0.7548152826018314,logistic,300,15,sgd,0.001,10
194,0.7548152826018314,logistic,500,10,lbfgs,0.01,3
590,0.7548152826018314,logistic,300,10,lbfgs,0.01,5
614,0.7548152826018314,logistic,500,5,lbfgs,0.01,5
626,0.7548152826018314,logistic,500,10,lbfgs,0.01,5
638,0.7548152826018314,logistic,500,15,lbfgs,0.01,5
1001,0.7548152826018314,logistic,200,15,sgd,0.001,10
602,0.7548152826018314,logistic,300,15,lbfgs,0.01,5
206,0.7548152826018314,logistic,500,15,lbfgs,0.01,3
1040,0.7544995263656458,logistic,300,15,adam,0.0001,10
569,0.75418377012946,logistic,200,15,sgd,0.001,5
1028,0.75418377012946,logistic,300,10,adam,0.0001,10
1064,0.75418377012946,logistic,500,10,adam,0.0001,10
641,0.75418377012946,logistic,500,15,sgd,0.001,5
605,0.75418377012946,logistic,300,15,sgd,0.001,5
1061,0.7540258920113673,logistic,500,10,sgd,0.001,10
209,0.7540258920113673,logistic,500,15,sgd,0.001,3
173,0.7540258920113673,logistic,300,15,sgd,0.001,3
989,0.7540258920113673,logistic,200,10,sgd,0.001,10
1025,0.7540258920113673,logistic,300,10,sgd,0.001,10
137,0.7540258920113673,logistic,200,15,sgd,0.001,3
891,0.7537101357751815,identity,200,15,lbfgs,0.1,10
1013,0.7537101357751815,logistic,300,5,sgd,0.001,10
593,0.7537101357751815,logistic,300,10,sgd,0.001,5
879,0.7537101357751815,identity,200,10,lbfgs,0.1,10
939,0.7537101357751815,identity,500,5,lbfgs,0.1,10
963,0.7537101357751815,identity,500,15,lbfgs,0.1,10
867,0.7537101357751815,identity,200,5,lbfgs,0.1,10
629,0.7537101357751815,logistic,500,10,sgd,0.001,5
903,0.7537101357751815,identity,300,5,lbfgs,0.1,10
951,0.7537101357751815,identity,500,10,lbfgs,0.1,10
977,0.7537101357751815,logistic,200,5,sgd,0.001,10
620,0.7537101357751815,logistic,500,5,adam,0.0001,5
584,0.7537101357751815,logistic,300,5,adam,0.0001,5
927,0.7537101357751815,identity,300,15,lbfgs,0.1,10
915,0.7537101357751815,identity,300,10,lbfgs,0.1,10
1148,0.7537101357751815,tanh,300,15,adam,0.0001,10
557,0.7537101357751815,logistic,200,10,sgd,0.001,5
1124,0.7537101357751815,tanh,300,5,adam,0.0001,10
1136,0.7537101357751815,tanh,300,10,adam,0.0001,10
1049,0.7537101357751815,logistic,500,5,sgd,0.001,10
459,0.7535522576570888,identity,200,15,lbfgs,0.1,5
617,0.7535522576570888,logistic,500,5,sgd,0.001,5
495,0.7535522576570888,identity,300,15,lbfgs,0.1,5
507,0.7535522576570888,identity,500,5,lbfgs,0.1,5
161,0.7535522576570888,logistic,300,10,sgd,0.001,3
519,0.7535522576570888,identity,500,10,lbfgs,0.1,5
483,0.7535522576570888,identity,300,10,lbfgs,0.1,5
471,0.7535522576570888,identity,300,5,lbfgs,0.1,5
531,0.7535522576570888,identity,500,15,lbfgs,0.1,5
125,0.7535522576570888,logistic,200,10,sgd,0.001,3
545,0.7535522576570888,logistic,200,5,sgd,0.001,5
447,0.7535522576570888,identity,200,10,lbfgs,0.1,5
435,0.7535522576570888,identity,200,5,lbfgs,0.1,5
581,0.7535522576570888,logistic,300,5,sgd,0.001,5
197,0.7535522576570888,logistic,500,10,sgd,0.001,3
63,0.7533943795389959,identity,300,15,lbfgs,0.1,3
858,0.7533943795389959,relu,500,15,sgd,0.01,5
87,0.7533943795389959,identity,500,10,lbfgs,0.1,3
822,0.7533943795389959,relu,300,15,sgd,0.01,5
99,0.7533943795389959,identity,500,15,lbfgs,0.1,3
1218,0.7533943795389959,relu,200,15,sgd,0.01,10
1254,0.7533943795389959,relu,300,15,sgd,0.01,10
75,0.7533943795389959,identity,500,5,lbfgs,0.1,3
3,0.7533943795389959,identity,200,5,lbfgs,0.1,3
27,0.7533943795389959,identity,200,15,lbfgs,0.1,3
786,0.7533943795389959,relu,200,15,sgd,0.01,5
51,0.7533943795389959,identity,300,10,lbfgs,0.1,3
15,0.7533943795389959,identity,200,10,lbfgs,0.1,3
39,0.7533943795389959,identity,300,5,lbfgs,0.1,3
1290,0.7533943795389959,relu,500,15,sgd,0.01,10
149,0.753236501420903,logistic,300,5,sgd,0.001,3
390,0.753236501420903,relu,300,15,sgd,0.01,3
426,0.753236501420903,relu,500,15,sgd,0.01,3
113,0.753236501420903,logistic,200,5,sgd,0.001,3
354,0.753236501420903,relu,200,15,sgd,0.01,3
185,0.753236501420903,logistic,500,5,sgd,0.001,3
1272,0.7529207451847174,relu,500,10,lbfgs,0.0001,10
1238,0.7529207451847174,relu,300,10,lbfgs,0.01,10
1214,0.7529207451847174,relu,200,15,lbfgs,0.01,10
1260,0.7529207451847174,relu,500,5,lbfgs,0.0001,10
1286,0.7529207451847174,relu,500,15,lbfgs,0.01,10
1202,0.7529207451847174,relu,200,10,lbfgs,0.01,10
1250,0.7529207451847174,relu,300,15,lbfgs,0.01,10
1284,0.7529207451847174,relu,500,15,lbfgs,0.0001,10
1226,0.7529207451847174,relu,300,5,lbfgs,0.01,10
1190,0.7529207451847174,relu,200,5,lbfgs,0.01,10
1274,0.7529207451847174,relu,500,10,lbfgs,0.01,10
1262,0.7529207451847174,relu,500,5,lbfgs,0.01,10
1242,0.7526049889485318,relu,300,10,sgd,0.01,10
1255,0.7526049889485318,relu,300,15,sgd,0.1,10
1206,0.7526049889485318,relu,200,10,sgd,0.01,10
1224,0.7526049889485318,relu,300,5,lbfgs,0.0001,10
176,0.7526049889485318,logistic,300,15,adam,0.0001,3
1278,0.7526049889485318,relu,500,10,sgd,0.01,10
1248,0.7526049889485318,relu,300,15,lbfgs,0.0001,10
164,0.7526049889485318,logistic,300,10,adam,0.0001,3
1219,0.7526049889485318,relu,200,15,sgd,0.1,10
1291,0.7526049889485318,relu,500,15,sgd,0.1,10
1237,0.7526049889485318,relu,300,10,lbfgs,0.001,10
1236,0.7526049889485318,relu,300,10,lbfgs,0.0001,10
1249,0.7526049889485318,relu,300,15,lbfgs,0.001,10
1225,0.7526049889485318,relu,300,5,lbfgs,0.001,10
350,0.7524471108304389,relu,200,15,lbfgs,0.01,3
386,0.7524471108304389,relu,300,15,lbfgs,0.01,3
326,0.7524471108304389,relu,200,5,lbfgs,0.01,3
338,0.7524471108304389,relu,200,10,lbfgs,0.01,3
374,0.7524471108304389,relu,300,10,lbfgs,0.01,3
830,0.7524471108304389,relu,500,5,lbfgs,0.01,5
391,0.7524471108304389,relu,300,15,sgd,0.1,3
355,0.7524471108304389,relu,200,15,sgd,0.1,3
782,0.7524471108304389,relu,200,15,lbfgs,0.01,5
398,0.7524471108304389,relu,500,5,lbfgs,0.01,3
362,0.7524471108304389,relu,300,5,lbfgs,0.01,3
787,0.7524471108304389,relu,200,15,sgd,0.1,5
770,0.7524471108304389,relu,200,10,lbfgs,0.01,5
758,0.7524471108304389,relu,200,5,lbfgs,0.01,5
794,0.7524471108304389,relu,300,5,lbfgs,0.01,5
859,0.7524471108304389,relu,500,15,sgd,0.1,5
806,0.7524471108304389,relu,300,10,lbfgs,0.01,5
854,0.7524471108304389,relu,500,15,lbfgs,0.01,5
427,0.7524471108304389,relu,500,15,sgd,0.1,3
842,0.7524471108304389,relu,500,10,lbfgs,0.01,5
422,0.7524471108304389,relu,500,15,lbfgs,0.01,3
818,0.7524471108304389,relu,300,15,lbfgs,0.01,5
410,0.7524471108304389,relu,500,10,lbfgs,0.01,3
823,0.7524471108304389,relu,300,15,sgd,0.1,5
1285,0.752289232712346,relu,500,15,lbfgs,0.001,10
774,0.752289232712346,relu,200,10,sgd,0.01,5
810,0.752289232712346,relu,300,10,sgd,0.01,5
342,0.752289232712346,relu,200,10,sgd,0.01,3
1261,0.752289232712346,relu,500,5,lbfgs,0.001,10
378,0.752289232712346,relu,300,10,sgd,0.01,3
414,0.752289232712346,relu,500,10,sgd,0.01,3
846,0.752289232712346,relu,500,10,sgd,0.01,5
1273,0.752289232712346,relu,500,10,lbfgs,0.001,10
847,0.7511840858856963,relu,500,10,sgd,0.1,5
811,0.7511840858856963,relu,300,10,sgd,0.1,5
775,0.7511840858856963,relu,200,10,sgd,0.1,5
798,0.7510262077676034,relu,300,5,sgd,0.01,5
1207,0.7510262077676034,relu,200,10,sgd,0.1,10
1179,0.7510262077676034,tanh,500,15,lbfgs,0.1,10
747,0.7510262077676034,tanh,500,15,lbfgs,0.1,5
735,0.7510262077676034,tanh,500,10,lbfgs,0.1,5
1167,0.7510262077676034,tanh,500,10,lbfgs,0.1,10
1243,0.7510262077676034,relu,300,10,sgd,0.1,10
1083,0.7510262077676034,tanh,200,5,lbfgs,0.1,10
1095,0.7510262077676034,tanh,200,10,lbfgs,0.1,10
699,0.7510262077676034,tanh,300,10,lbfgs,0.1,5
1119,0.7510262077676034,tanh,300,5,lbfgs,0.1,10
687,0.7510262077676034,tanh,300,5,lbfgs,0.1,5
651,0.7510262077676034,tanh,200,5,lbfgs,0.1,5
1131,0.7510262077676034,tanh,300,10,lbfgs,0.1,10
723,0.7510262077676034,tanh,500,5,lbfgs,0.1,5
1279,0.7510262077676034,relu,500,10,sgd,0.1,10
1266,0.7510262077676034,relu,500,5,sgd,0.01,10
711,0.7510262077676034,tanh,300,15,lbfgs,0.1,5
675,0.7510262077676034,tanh,200,15,lbfgs,0.1,5
1155,0.7510262077676034,tanh,500,5,lbfgs,0.1,10
1107,0.7510262077676034,tanh,200,15,lbfgs,0.1,10
762,0.7510262077676034,relu,200,5,sgd,0.01,5
834,0.7510262077676034,relu,500,5,sgd,0.01,5
1143,0.7510262077676034,tanh,300,15,lbfgs,0.1,10
663,0.7510262077676034,tanh,200,10,lbfgs,0.1,5
1230,0.7510262077676034,relu,300,5,sgd,0.01,10
1194,0.7510262077676034,relu,200,5,sgd,0.01,10
210,0.7508683296495106,logistic,500,15,sgd,0.01,3
211,0.7508683296495106,logistic,500,15,sgd,0.1,3
571,0.7508683296495106,logistic,200,15,sgd,0.1,5
366,0.7508683296495106,relu,300,5,sgd,0.01,3
139,0.7508683296495106,logistic,200,15,sgd,0.1,3
1075,0.7508683296495106,logistic,500,15,sgd,0.1,10
1074,0.7508683296495106,logistic,500,15,sgd,0.01,10
1039,0.7508683296495106,logistic,300,15,sgd,0.1,10
175,0.7508683296495106,logistic,300,15,sgd,0.1,3
174,0.7508683296495106,logistic,300,15,sgd,0.01,3
607,0.7508683296495106,logistic,300,15,sgd,0.1,5
570,0.7508683296495106,logistic,200,15,sgd,0.01,5
606,0.7508683296495106,logistic,300,15,sgd,0.01,5
219,0.7508683296495106,tanh,200,5,lbfgs,0.1,3
243,0.7508683296495106,tanh,200,15,lbfgs,0.1,3
379,0.7508683296495106,relu,300,10,sgd,0.1,3
267,0.7508683296495106,tanh,300,10,lbfgs,0.1,3
303,0.7508683296495106,tanh,500,10,lbfgs,0.1,3
643,0.7508683296495106,logistic,500,15,sgd,0.1,5
642,0.7508683296495106,logistic,500,15,sgd,0.01,5
330,0.7508683296495106,relu,200,5,sgd,0.01,3
138,0.7508683296495106,logistic,200,15,sgd,0.01,3
291,0.7508683296495106,tanh,500,5,lbfgs,0.1,3
279,0.7508683296495106,tanh,300,15,lbfgs,0.1,3
1002,0.7508683296495106,logistic,200,15,sgd,0.01,10
402,0.7508683296495106,relu,500,5,sgd,0.01,3
315,0.7508683296495106,tanh,500,15,lbfgs,0.1,3
343,0.7508683296495106,relu,200,10,sgd,0.1,3
1003,0.7508683296495106,logistic,200,15,sgd,0.1,10
255,0.7508683296495106,tanh,300,5,lbfgs,0.1,3
415,0.7508683296495106,relu,500,10,sgd,0.1,3
231,0.7508683296495106,tanh,200,10,lbfgs,0.1,3
1038,0.7508683296495106,logistic,300,15,sgd,0.01,10
558,0.7505525734133249,logistic,200,10,sgd,0.01,5
1062,0.7505525734133249,logistic,500,10,sgd,0.01,10
630,0.7505525734133249,logistic,500,10,sgd,0.01,5
594,0.7505525734133249,logistic,300,10,sgd,0.01,5
1026,0.7505525734133249,logistic,300,10,sgd,0.01,10
198,0.7505525734133249,logistic,500,10,sgd,0.01,3
126,0.7505525734133249,logistic,200,10,sgd,0.01,3
990,0.7505525734133249,logistic,200,10,sgd,0.01,10
162,0.7505525734133249,logistic,300,10,sgd,0.01,3
595,0.7503946952952321,logistic,300,10,sgd,0.1,5
1027,0.7503946952952321,logistic,300,10,sgd,0.1,10
127,0.7503946952952321,logistic,200,10,sgd,0.1,3
559,0.7503946952952321,logistic,200,10,sgd,0.1,5
199,0.7503946952952321,logistic,500,10,sgd,0.1,3
631,0.7503946952952321,logistic,500,10,sgd,0.1,5
1063,0.7503946952952321,logistic,500,10,sgd,0.1,10
991,0.7503946952952321,logistic,200,10,sgd,0.1,10
163,0.7503946952952321,logistic,300,10,sgd,0.1,3
763,0.7502368171771393,relu,200,5,sgd,0.1,5
835,0.7502368171771393,relu,500,5,sgd,0.1,5
1267,0.7502368171771393,relu,500,5,sgd,0.1,10
1195,0.7502368171771393,relu,200,5,sgd,0.1,10
1231,0.7502368171771393,relu,300,5,sgd,0.1,10
799,0.7502368171771393,relu,300,5,sgd,0.1,5
403,0.7500789390590464,relu,500,5,sgd,0.1,3
367,0.7500789390590464,relu,300,5,sgd,0.1,3
114,0.7500789390590464,logistic,200,5,sgd,0.01,3
618,0.7500789390590464,logistic,500,5,sgd,0.01,5
1050,0.7500789390590464,logistic,500,5,sgd,0.01,10
150,0.7500789390590464,logistic,300,5,sgd,0.01,3
978,0.7500789390590464,logistic,200,5,sgd,0.01,10
546,0.7500789390590464,logistic,200,5,sgd,0.01,5
1014,0.7500789390590464,logistic,300,5,sgd,0.01,10
186,0.7500789390590464,logistic,500,5,sgd,0.01,3
331,0.7500789390590464,relu,200,5,sgd,0.1,3
582,0.7500789390590464,logistic,300,5,sgd,0.01,5
111,0.7499210609409536,logistic,200,5,lbfgs,0.1,3
1287,0.7499210609409536,relu,500,15,lbfgs,0.1,10
783,0.7499210609409536,relu,200,15,lbfgs,0.1,5
855,0.7499210609409536,relu,500,15,lbfgs,0.1,5
1251,0.7499210609409536,relu,300,15,lbfgs,0.1,10
819,0.7499210609409536,relu,300,15,lbfgs,0.1,5
795,0.7499210609409536,relu,300,5,lbfgs,0.1,5
1263,0.7499210609409536,relu,500,5,lbfgs,0.1,10
1239,0.7499210609409536,relu,300,10,lbfgs,0.1,10
843,0.7499210609409536,relu,500,10,lbfgs,0.1,5
807,0.7499210609409536,relu,300,10,lbfgs,0.1,5
1227,0.7499210609409536,relu,300,5,lbfgs,0.1,10
831,0.7499210609409536,relu,500,5,lbfgs,0.1,5
207,0.7499210609409536,logistic,500,15,lbfgs,0.1,3
339,0.7499210609409536,relu,200,10,lbfgs,0.1,3
1191,0.7499210609409536,relu,200,5,lbfgs,0.1,10
327,0.7499210609409536,relu,200,5,lbfgs,0.1,3
115,0.7499210609409536,logistic,200,5,sgd,0.1,3
351,0.7499210609409536,relu,200,15,lbfgs,0.1,3
363,0.7499210609409536,relu,300,5,lbfgs,0.1,3
375,0.7499210609409536,relu,300,10,lbfgs,0.1,3
1011,0.7499210609409536,logistic,300,5,lbfgs,0.1,10
387,0.7499210609409536,relu,300,15,lbfgs,0.1,3
399,0.7499210609409536,relu,500,5,lbfgs,0.1,3
639,0.7499210609409536,logistic,500,15,lbfgs,0.1,5
411,0.7499210609409536,relu,500,10,lbfgs,0.1,3
423,0.7499210609409536,relu,500,15,lbfgs,0.1,3
627,0.7499210609409536,logistic,500,10,lbfgs,0.1,5
1015,0.7499210609409536,logistic,300,5,sgd,0.1,10
619,0.7499210609409536,logistic,500,5,sgd,0.1,5
615,0.7499210609409536,logistic,500,5,lbfgs,0.1,5
1071,0.7499210609409536,logistic,500,15,lbfgs,0.1,10
1059,0.7499210609409536,logistic,500,10,lbfgs,0.1,10
603,0.7499210609409536,logistic,300,15,lbfgs,0.1,5
1051,0.7499210609409536,logistic,500,5,sgd,0.1,10
1047,0.7499210609409536,logistic,500,5,lbfgs,0.1,10
591,0.7499210609409536,logistic,300,10,lbfgs,0.1,5
1035,0.7499210609409536,logistic,300,15,lbfgs,0.1,10
1023,0.7499210609409536,logistic,300,10,lbfgs,0.1,10
543,0.7499210609409536,logistic,200,5,lbfgs,0.1,5
583,0.7499210609409536,logistic,300,5,sgd,0.1,5
579,0.7499210609409536,logistic,300,5,lbfgs,0.1,5
547,0.7499210609409536,logistic,200,5,sgd,0.1,5
555,0.7499210609409536,logistic,200,10,lbfgs,0.1,5
567,0.7499210609409536,logistic,200,15,lbfgs,0.1,5
999,0.7499210609409536,logistic,200,15,lbfgs,0.1,10
1275,0.7499210609409536,relu,500,10,lbfgs,0.1,10
135,0.7499210609409536,logistic,200,15,lbfgs,0.1,3
771,0.7499210609409536,relu,200,10,lbfgs,0.1,5
159,0.7499210609409536,logistic,300,10,lbfgs,0.1,3
147,0.7499210609409536,logistic,300,5,lbfgs,0.1,3
979,0.7499210609409536,logistic,200,5,sgd,0.1,10
1203,0.7499210609409536,relu,200,10,lbfgs,0.1,10
759,0.7499210609409536,relu,200,5,lbfgs,0.1,5
171,0.7499210609409536,logistic,300,15,lbfgs,0.1,3
1215,0.7499210609409536,relu,200,15,lbfgs,0.1,10
183,0.7499210609409536,logistic,500,5,lbfgs,0.1,3
187,0.7499210609409536,logistic,500,5,sgd,0.1,3
987,0.7499210609409536,logistic,200,10,lbfgs,0.1,10
195,0.7499210609409536,logistic,500,10,lbfgs,0.1,3
151,0.7499210609409536,logistic,300,5,sgd,0.1,3
123,0.7499210609409536,logistic,200,10,lbfgs,0.1,3
975,0.7499210609409536,logistic,200,5,lbfgs,0.1,10
729,0.7181875592042943,tanh,500,5,adam,0.001,5
657,0.7181875592042943,tanh,200,5,adam,0.001,5
693,0.7181875592042943,tanh,300,5,adam,0.001,5
752,0.25892011367224504,tanh,500,15,adam,0.0001,5
740,0.25892011367224504,tanh,500,10,adam,0.0001,5
717,0.25039469529523206,tanh,300,15,adam,0.001,5
681,0.25039469529523206,tanh,200,15,adam,0.001,5
753,0.25039469529523206,tanh,500,15,adam,0.001,5
1174,0.25023681717713925,tanh,500,10,adam,0.01,10
275,0.25023681717713925,tanh,300,10,adam,0.1,3
1102,0.25023681717713925,tanh,200,10,adam,0.01,10
311,0.25023681717713925,tanh,500,10,adam,0.1,3
1138,0.25023681717713925,tanh,300,10,adam,0.01,10
239,0.25023681717713925,tanh,200,10,adam,0.1,3
919,0.25007893905904643,identity,300,10,sgd,0.1,10
918,0.25007893905904643,identity,300,10,sgd,0.01,10
1288,0.25007893905904643,relu,500,15,sgd,0.0001,10
941,0.25007893905904643,identity,500,5,sgd,0.001,10
1280,0.25007893905904643,relu,500,10,adam,0.0001,10
938,0.25007893905904643,identity,500,5,lbfgs,0.01,10
940,0.25007893905904643,identity,500,5,sgd,0.0001,10
920,0.25007893905904643,identity,300,10,adam,0.0001,10
921,0.25007893905904643,identity,300,10,adam,0.001,10
933,0.25007893905904643,identity,300,15,adam,0.001,10
922,0.25007893905904643,identity,300,10,adam,0.01,10
930,0.25007893905904643,identity,300,15,sgd,0.01,10
926,0.25007893905904643,identity,300,15,lbfgs,0.01,10
925,0.25007893905904643,identity,300,15,lbfgs,0.001,10
928,0.25007893905904643,identity,300,15,sgd,0.0001,10
1294,0.25007893905904643,relu,500,15,adam,0.01,10
929,0.25007893905904643,identity,300,15,sgd,0.001,10
1293,0.25007893905904643,relu,500,15,adam,0.001,10
931,0.25007893905904643,identity,300,15,sgd,0.1,10
937,0.25007893905904643,identity,500,5,lbfgs,0.001,10
924,0.25007893905904643,identity,300,15,lbfgs,0.0001,10
1281,0.25007893905904643,relu,500,10,adam,0.001,10
934,0.25007893905904643,identity,300,15,adam,0.01,10
935,0.25007893905904643,identity,300,15,adam,0.1,10
936,0.25007893905904643,identity,500,5,lbfgs,0.0001,10
916,0.25007893905904643,identity,300,10,sgd,0.0001,10
917,0.25007893905904643,identity,300,10,sgd,0.001,10
1216,0.25007893905904643,relu,200,15,sgd,0.0001,10
1276,0.25007893905904643,relu,500,10,sgd,0.0001,10
970,0.25007893905904643,identity,500,15,adam,0.01,10
964,0.25007893905904643,identity,500,15,sgd,0.0001,10
1232,0.25007893905904643,relu,300,5,adam,0.0001,10
965,0.25007893905904643,identity,500,15,sgd,0.001,10
1228,0.25007893905904643,relu,300,5,sgd,0.0001,10
966,0.25007893905904643,identity,500,15,sgd,0.01,10
967,0.25007893905904643,identity,500,15,sgd,0.1,10
969,0.25007893905904643,identity,500,15,adam,0.001,10
971,0.25007893905904643,identity,500,15,adam,0.1,10
1240,0.25007893905904643,relu,300,10,sgd,0.0001,10
1223,0.25007893905904643,relu,200,15,adam,0.1,10
1222,0.25007893905904643,relu,200,15,adam,0.01,10
1221,0.25007893905904643,relu,200,15,adam,0.001,10
1209,0.25007893905904643,relu,200,10,adam,0.001,10
1204,0.25007893905904643,relu,200,10,sgd,0.0001,10
1192,0.25007893905904643,relu,200,5,sgd,0.0001,10
914,0.25007893905904643,identity,300,10,lbfgs,0.01,10
962,0.25007893905904643,identity,500,15,lbfgs,0.01,10
961,0.25007893905904643,identity,500,15,lbfgs,0.001,10
1268,0.25007893905904643,relu,500,5,adam,0.0001,10
953,0.25007893905904643,identity,500,10,sgd,0.001,10
1264,0.25007893905904643,relu,500,5,sgd,0.0001,10
948,0.25007893905904643,identity,500,10,lbfgs,0.0001,10
949,0.25007893905904643,identity,500,10,lbfgs,0.001,10
950,0.25007893905904643,identity,500,10,lbfgs,0.01,10
1259,0.25007893905904643,relu,300,15,adam,0.1,10
1258,0.25007893905904643,relu,300,15,adam,0.01,10
952,0.25007893905904643,identity,500,10,sgd,0.0001,10
1257,0.25007893905904643,relu,300,15,adam,0.001,10
960,0.25007893905904643,identity,500,15,lbfgs,0.0001,10
954,0.25007893905904643,identity,500,10,sgd,0.01,10
1252,0.25007893905904643,relu,300,15,sgd,0.0001,10
955,0.25007893905904643,identity,500,10,sgd,0.1,10
956,0.25007893905904643,identity,500,10,adam,0.0001,10
957,0.25007893905904643,identity,500,10,adam,0.001,10
958,0.25007893905904643,identity,500,10,adam,0.01,10
1245,0.25007893905904643,relu,300,10,adam,0.001,10
0,0.25007893905904643,identity,200,5,lbfgs,0.0001,3
648,0.25007893905904643,tanh,200,5,lbfgs,0.0001,5
913,0.25007893905904643,identity,300,10,lbfgs,0.001,10
368,0.25007893905904643,relu,300,5,adam,0.0001,3
324,0.25007893905904643,relu,200,5,lbfgs,0.0001,3
325,0.25007893905904643,relu,200,5,lbfgs,0.001,3
328,0.25007893905904643,relu,200,5,sgd,0.0001,3
332,0.25007893905904643,relu,200,5,adam,0.0001,3
336,0.25007893905904643,relu,200,10,lbfgs,0.0001,3
337,0.25007893905904643,relu,200,10,lbfgs,0.001,3
340,0.25007893905904643,relu,200,10,sgd,0.0001,3
344,0.25007893905904643,relu,200,10,adam,0.0001,3
345,0.25007893905904643,relu,200,10,adam,0.001,3
346,0.25007893905904643,relu,200,10,adam,0.01,3
348,0.25007893905904643,relu,200,15,lbfgs,0.0001,3
349,0.25007893905904643,relu,200,15,lbfgs,0.001,3
352,0.25007893905904643,relu,200,15,sgd,0.0001,3
356,0.25007893905904643,relu,200,15,adam,0.0001,3
357,0.25007893905904643,relu,200,15,adam,0.001,3
358,0.25007893905904643,relu,200,15,adam,0.01,3
359,0.25007893905904643,relu,200,15,adam,0.1,3
313,0.25007893905904643,tanh,500,15,lbfgs,0.001,3
310,0.25007893905904643,tanh,500,10,adam,0.01,3
309,0.25007893905904643,tanh,500,10,adam,0.001,3
261,0.25007893905904643,tanh,300,5,adam,0.001,3
204,0.25007893905904643,logistic,500,15,lbfgs,0.0001,3
212,0.25007893905904643,logistic,500,15,adam,0.0001,3
225,0.25007893905904643,tanh,200,5,adam,0.001,3
237,0.25007893905904643,tanh,200,10,adam,0.001,3
238,0.25007893905904643,tanh,200,10,adam,0.01,3
252,0.25007893905904643,tanh,300,5,lbfgs,0.0001,3
253,0.25007893905904643,tanh,300,5,lbfgs,0.001,3
264,0.25007893905904643,tanh,300,10,lbfgs,0.0001,3
301,0.25007893905904643,tanh,500,10,lbfgs,0.001,3
265,0.25007893905904643,tanh,300,10,lbfgs,0.001,3
273,0.25007893905904643,tanh,300,10,adam,0.001,3
274,0.25007893905904643,tanh,300,10,adam,0.01,3
276,0.25007893905904643,tanh,300,15,lbfgs,0.0001,3
277,0.25007893905904643,tanh,300,15,lbfgs,0.001,3
289,0.25007893905904643,tanh,500,5,lbfgs,0.001,3
297,0.25007893905904643,tanh,500,5,adam,0.001,3
364,0.25007893905904643,relu,300,5,sgd,0.0001,3
376,0.25007893905904643,relu,300,10,sgd,0.0001,3
463,0.25007893905904643,identity,200,15,sgd,0.1,5
380,0.25007893905904643,relu,300,10,adam,0.0001,3
436,0.25007893905904643,identity,200,5,sgd,0.0001,5
437,0.25007893905904643,identity,200,5,sgd,0.001,5
444,0.25007893905904643,identity,200,10,lbfgs,0.0001,5
445,0.25007893905904643,identity,200,10,lbfgs,0.001,5
446,0.25007893905904643,identity,200,10,lbfgs,0.01,5
448,0.25007893905904643,identity,200,10,sgd,0.0001,5
449,0.25007893905904643,identity,200,10,sgd,0.001,5
450,0.25007893905904643,identity,200,10,sgd,0.01,5
451,0.25007893905904643,identity,200,10,sgd,0.1,5
452,0.25007893905904643,identity,200,10,adam,0.0001,5
453,0.25007893905904643,identity,200,10,adam,0.001,5
454,0.25007893905904643,identity,200,10,adam,0.01,5
456,0.25007893905904643,identity,200,15,lbfgs,0.0001,5
457,0.25007893905904643,identity,200,15,lbfgs,0.001,5
458,0.25007893905904643,identity,200,15,lbfgs,0.01,5
460,0.25007893905904643,identity,200,15,sgd,0.0001,5
461,0.25007893905904643,identity,200,15,sgd,0.001,5
434,0.25007893905904643,identity,200,5,lbfgs,0.01,5
912,0.25007893905904643,identity,300,10,lbfgs,0.0001,10
433,0.25007893905904643,identity,200,5,lbfgs,0.001,5
400,0.25007893905904643,relu,500,5,sgd,0.0001,3
381,0.25007893905904643,relu,300,10,adam,0.001,3
382,0.25007893905904643,relu,300,10,adam,0.01,3
388,0.25007893905904643,relu,300,15,sgd,0.0001,3
392,0.25007893905904643,relu,300,15,adam,0.0001,3
393,0.25007893905904643,relu,300,15,adam,0.001,3
394,0.25007893905904643,relu,300,15,adam,0.01,3
395,0.25007893905904643,relu,300,15,adam,0.1,3
404,0.25007893905904643,relu,500,5,adam,0.0001,3
432,0.25007893905904643,identity,200,5,lbfgs,0.0001,5
412,0.25007893905904643,relu,500,10,sgd,0.0001,3
417,0.25007893905904643,relu,500,10,adam,0.001,3
418,0.25007893905904643,relu,500,10,adam,0.01,3
424,0.25007893905904643,relu,500,15,sgd,0.0001,3
429,0.25007893905904643,relu,500,15,adam,0.001,3
430,0.25007893905904643,relu,500,15,adam,0.01,3
431,0.25007893905904643,relu,500,15,adam,0.1,3
200,0.25007893905904643,logistic,500,10,adam,0.0001,3
192,0.25007893905904643,logistic,500,10,lbfgs,0.0001,3
188,0.25007893905904643,logistic,500,5,adam,0.0001,3
180,0.25007893905904643,logistic,500,5,lbfgs,0.0001,3
35,0.25007893905904643,identity,200,15,adam,0.1,3
36,0.25007893905904643,identity,300,5,lbfgs,0.0001,3
37,0.25007893905904643,identity,300,5,lbfgs,0.001,3
40,0.25007893905904643,identity,300,5,sgd,0.0001,3
41,0.25007893905904643,identity,300,5,sgd,0.001,3
48,0.25007893905904643,identity,300,10,lbfgs,0.0001,3
49,0.25007893905904643,identity,300,10,lbfgs,0.001,3
52,0.25007893905904643,identity,300,10,sgd,0.0001,3
53,0.25007893905904643,identity,300,10,sgd,0.001,3
54,0.25007893905904643,identity,300,10,sgd,0.01,3
55,0.25007893905904643,identity,300,10,sgd,0.1,3
56,0.25007893905904643,identity,300,10,adam,0.0001,3
57,0.25007893905904643,identity,300,10,adam,0.001,3
58,0.25007893905904643,identity,300,10,adam,0.01,3
60,0.25007893905904643,identity,300,15,lbfgs,0.0001,3
61,0.25007893905904643,identity,300,15,lbfgs,0.001,3
64,0.25007893905904643,identity,300,15,sgd,0.0001,3
34,0.25007893905904643,identity,200,15,adam,0.01,3
33,0.25007893905904643,identity,200,15,adam,0.001,3
32,0.25007893905904643,identity,200,15,adam,0.0001,3
19,0.25007893905904643,identity,200,10,sgd,0.1,3
4,0.25007893905904643,identity,200,5,sgd,0.0001,3
5,0.25007893905904643,identity,200,5,sgd,0.001,3
12,0.25007893905904643,identity,200,10,lbfgs,0.0001,3
13,0.25007893905904643,identity,200,10,lbfgs,0.001,3
16,0.25007893905904643,identity,200,10,sgd,0.0001,3
17,0.25007893905904643,identity,200,10,sgd,0.001,3
18,0.25007893905904643,identity,200,10,sgd,0.01,3
20,0.25007893905904643,identity,200,10,adam,0.0001,3
31,0.25007893905904643,identity,200,15,sgd,0.1,3
21,0.25007893905904643,identity,200,10,adam,0.001,3
22,0.25007893905904643,identity,200,10,adam,0.01,3
24,0.25007893905904643,identity,200,15,lbfgs,0.0001,3
25,0.25007893905904643,identity,200,15,lbfgs,0.001,3
28,0.25007893905904643,identity,200,15,sgd,0.0001,3
29,0.25007893905904643,identity,200,15,sgd,0.001,3
30,0.25007893905904643,identity,200,15,sgd,0.01,3
65,0.25007893905904643,identity,300,15,sgd,0.001,3
66,0.25007893905904643,identity,300,15,sgd,0.01,3
67,0.25007893905904643,identity,300,15,sgd,0.1,3
116,0.25007893905904643,logistic,200,5,adam,0.0001,3
102,0.25007893905904643,identity,500,15,sgd,0.01,3
103,0.25007893905904643,identity,500,15,sgd,0.1,3
104,0.25007893905904643,identity,500,15,adam,0.0001,3
105,0.25007893905904643,identity,500,15,adam,0.001,3
106,0.25007893905904643,identity,500,15,adam,0.01,3
107,0.25007893905904643,identity,500,15,adam,0.1,3
108,0.25007893905904643,logistic,200,5,lbfgs,0.0001,3
120,0.25007893905904643,logistic,200,10,lbfgs,0.0001,3
100,0.25007893905904643,identity,500,15,sgd,0.0001,3
128,0.25007893905904643,logistic,200,10,adam,0.0001,3
132,0.25007893905904643,logistic,200,15,lbfgs,0.0001,3
140,0.25007893905904643,logistic,200,15,adam,0.0001,3
144,0.25007893905904643,logistic,300,5,lbfgs,0.0001,3
152,0.25007893905904643,logistic,300,5,adam,0.0001,3
156,0.25007893905904643,logistic,300,10,lbfgs,0.0001,3
168,0.25007893905904643,logistic,300,15,lbfgs,0.0001,3
101,0.25007893905904643,identity,500,15,sgd,0.001,3
97,0.25007893905904643,identity,500,15,lbfgs,0.001,3
68,0.25007893905904643,identity,300,15,adam,0.0001,3
84,0.25007893905904643,identity,500,10,lbfgs,0.0001,3
69,0.25007893905904643,identity,300,15,adam,0.001,3
70,0.25007893905904643,identity,300,15,adam,0.01,3
71,0.25007893905904643,identity,300,15,adam,0.1,3
72,0.25007893905904643,identity,500,5,lbfgs,0.0001,3
73,0.25007893905904643,identity,500,5,lbfgs,0.001,3
76,0.25007893905904643,identity,500,5,sgd,0.0001,3
77,0.25007893905904643,identity,500,5,sgd,0.001,3
85,0.25007893905904643,identity,500,10,lbfgs,0.001,3
96,0.25007893905904643,identity,500,15,lbfgs,0.0001,3
88,0.25007893905904643,identity,500,10,sgd,0.0001,3
89,0.25007893905904643,identity,500,10,sgd,0.001,3
90,0.25007893905904643,identity,500,10,sgd,0.01,3
91,0.25007893905904643,identity,500,10,sgd,0.1,3
92,0.25007893905904643,identity,500,10,adam,0.0001,3
93,0.25007893905904643,identity,500,10,adam,0.001,3
94,0.25007893905904643,identity,500,10,adam,0.01,3
462,0.25007893905904643,identity,200,15,sgd,0.01,5
1295,0.25007893905904643,relu,500,15,adam,0.1,10
465,0.25007893905904643,identity,200,15,adam,0.001,5
844,0.25007893905904643,relu,500,10,sgd,0.0001,5
856,0.25007893905904643,relu,500,15,sgd,0.0001,5
849,0.25007893905904643,relu,500,10,adam,0.001,5
848,0.25007893905904643,relu,500,10,adam,0.0001,5
612,0.25007893905904643,logistic,500,5,lbfgs,0.0001,5
624,0.25007893905904643,logistic,500,10,lbfgs,0.0001,5
636,0.25007893905904643,logistic,500,15,lbfgs,0.0001,5
836,0.25007893905904643,relu,500,5,adam,0.0001,5
861,0.25007893905904643,relu,500,15,adam,0.001,5
832,0.25007893905904643,relu,500,5,sgd,0.0001,5
827,0.25007893905904643,relu,300,15,adam,0.1,5
1,0.25007893905904643,identity,200,5,lbfgs,0.001,3
649,0.25007893905904643,tanh,200,5,lbfgs,0.001,5
826,0.25007893905904643,relu,300,15,adam,0.01,5
825,0.25007893905904643,relu,300,15,adam,0.001,5
860,0.25007893905904643,relu,500,15,adam,0.0001,5
862,0.25007893905904643,relu,500,15,adam,0.01,5
721,0.25007893905904643,tanh,500,5,lbfgs,0.001,5
533,0.25007893905904643,identity,500,15,sgd,0.001,5
528,0.25007893905904643,identity,500,15,lbfgs,0.0001,5
868,0.25007893905904643,identity,200,5,sgd,0.0001,10
866,0.25007893905904643,identity,200,5,lbfgs,0.01,10
529,0.25007893905904643,identity,500,15,lbfgs,0.001,5
530,0.25007893905904643,identity,500,15,lbfgs,0.01,5
532,0.25007893905904643,identity,500,15,sgd,0.0001,5
534,0.25007893905904643,identity,500,15,sgd,0.01,5
863,0.25007893905904643,relu,500,15,adam,0.1,5
535,0.25007893905904643,identity,500,15,sgd,0.1,5
537,0.25007893905904643,identity,500,15,adam,0.001,5
538,0.25007893905904643,identity,500,15,adam,0.01,5
539,0.25007893905904643,identity,500,15,adam,0.1,5
865,0.25007893905904643,identity,200,5,lbfgs,0.001,10
864,0.25007893905904643,identity,200,5,lbfgs,0.0001,10
824,0.25007893905904643,relu,300,15,adam,0.0001,5
820,0.25007893905904643,relu,300,15,sgd,0.0001,5
660,0.25007893905904643,tanh,200,10,lbfgs,0.0001,5
696,0.25007893905904643,tanh,300,10,lbfgs,0.0001,5
685,0.25007893905904643,tanh,300,5,lbfgs,0.001,5
772,0.25007893905904643,relu,200,10,sgd,0.0001,5
764,0.25007893905904643,relu,200,5,adam,0.0001,5
760,0.25007893905904643,relu,200,5,sgd,0.0001,5
745,0.25007893905904643,tanh,500,15,lbfgs,0.001,5
744,0.25007893905904643,tanh,500,15,lbfgs,0.0001,5
742,0.25007893905904643,tanh,500,10,adam,0.01,5
466,0.25007893905904643,identity,200,15,adam,0.01,5
697,0.25007893905904643,tanh,300,10,lbfgs,0.001,5
706,0.25007893905904643,tanh,300,10,adam,0.01,5
733,0.25007893905904643,tanh,500,10,lbfgs,0.001,5
708,0.25007893905904643,tanh,300,15,lbfgs,0.0001,5
709,0.25007893905904643,tanh,300,15,lbfgs,0.001,5
732,0.25007893905904643,tanh,500,10,lbfgs,0.0001,5
776,0.25007893905904643,relu,200,10,adam,0.0001,5
777,0.25007893905904643,relu,200,10,adam,0.001,5
784,0.25007893905904643,relu,200,15,sgd,0.0001,5
788,0.25007893905904643,relu,200,15,adam,0.0001,5
684,0.25007893905904643,tanh,300,5,lbfgs,0.0001,5
789,0.25007893905904643,relu,200,15,adam,0.001,5
790,0.25007893905904643,relu,200,15,adam,0.01,5
791,0.25007893905904643,relu,200,15,adam,0.1,5
796,0.25007893905904643,relu,300,5,sgd,0.0001,5
800,0.25007893905904643,relu,300,5,adam,0.0001,5
808,0.25007893905904643,relu,300,10,sgd,0.0001,5
673,0.25007893905904643,tanh,200,15,lbfgs,0.001,5
672,0.25007893905904643,tanh,200,15,lbfgs,0.0001,5
812,0.25007893905904643,relu,300,10,adam,0.0001,5
813,0.25007893905904643,relu,300,10,adam,0.001,5
670,0.25007893905904643,tanh,200,10,adam,0.01,5
661,0.25007893905904643,tanh,200,10,lbfgs,0.001,5
526,0.25007893905904643,identity,500,10,adam,0.01,5
869,0.25007893905904643,identity,200,5,sgd,0.001,10
525,0.25007893905904643,identity,500,10,adam,0.001,5
898,0.25007893905904643,identity,200,15,adam,0.01,10
487,0.25007893905904643,identity,300,10,sgd,0.1,5
488,0.25007893905904643,identity,300,10,adam,0.0001,5
489,0.25007893905904643,identity,300,10,adam,0.001,5
490,0.25007893905904643,identity,300,10,adam,0.01,5
492,0.25007893905904643,identity,300,15,lbfgs,0.0001,5
899,0.25007893905904643,identity,200,15,adam,0.1,10
493,0.25007893905904643,identity,300,15,lbfgs,0.001,5
502,0.25007893905904643,identity,300,15,adam,0.01,5
494,0.25007893905904643,identity,300,15,lbfgs,0.01,5
496,0.25007893905904643,identity,300,15,sgd,0.0001,5
497,0.25007893905904643,identity,300,15,sgd,0.001,5
498,0.25007893905904643,identity,300,15,sgd,0.01,5
499,0.25007893905904643,identity,300,15,sgd,0.1,5
524,0.25007893905904643,identity,500,10,adam,0.0001,5
486,0.25007893905904643,identity,300,10,sgd,0.01,5
485,0.25007893905904643,identity,300,10,sgd,0.001,5
484,0.25007893905904643,identity,300,10,sgd,0.0001,5
482,0.25007893905904643,identity,300,10,lbfgs,0.01,5
900,0.25007893905904643,identity,300,5,lbfgs,0.0001,10
901,0.25007893905904643,identity,300,5,lbfgs,0.001,10
902,0.25007893905904643,identity,300,5,lbfgs,0.01,10
481,0.25007893905904643,identity,300,10,lbfgs,0.001,5
480,0.25007893905904643,identity,300,10,lbfgs,0.0001,5
473,0.25007893905904643,identity,300,5,sgd,0.001,5
472,0.25007893905904643,identity,300,5,sgd,0.0001,5
470,0.25007893905904643,identity,300,5,lbfgs,0.01,5
469,0.25007893905904643,identity,300,5,lbfgs,0.001,5
468,0.25007893905904643,identity,300,5,lbfgs,0.0001,5
467,0.25007893905904643,identity,200,15,adam,0.1,5
904,0.25007893905904643,identity,300,5,sgd,0.0001,10
905,0.25007893905904643,identity,300,5,sgd,0.001,10
501,0.25007893905904643,identity,300,15,adam,0.001,5
897,0.25007893905904643,identity,200,15,adam,0.001,10
895,0.25007893905904643,identity,200,15,sgd,0.1,10
894,0.25007893905904643,identity,200,15,sgd,0.01,10
885,0.25007893905904643,identity,200,10,adam,0.001,10
884,0.25007893905904643,identity,200,10,adam,0.0001,10
517,0.25007893905904643,identity,500,10,lbfgs,0.001,5
518,0.25007893905904643,identity,500,10,lbfgs,0.01,5
520,0.25007893905904643,identity,500,10,sgd,0.0001,5
521,0.25007893905904643,identity,500,10,sgd,0.001,5
883,0.25007893905904643,identity,200,10,sgd,0.1,10
882,0.25007893905904643,identity,200,10,sgd,0.01,10
881,0.25007893905904643,identity,200,10,sgd,0.001,10
880,0.25007893905904643,identity,200,10,sgd,0.0001,10
878,0.25007893905904643,identity,200,10,lbfgs,0.01,10
522,0.25007893905904643,identity,500,10,sgd,0.01,5
523,0.25007893905904643,identity,500,10,sgd,0.1,5
877,0.25007893905904643,identity,200,10,lbfgs,0.001,10
876,0.25007893905904643,identity,200,10,lbfgs,0.0001,10
516,0.25007893905904643,identity,500,10,lbfgs,0.0001,5
509,0.25007893905904643,identity,500,5,sgd,0.001,5
886,0.25007893905904643,identity,200,10,adam,0.01,10
505,0.25007893905904643,identity,500,5,lbfgs,0.001,5
893,0.25007893905904643,identity,200,15,sgd,0.001,10
503,0.25007893905904643,identity,300,15,adam,0.1,5
892,0.25007893905904643,identity,200,15,sgd,0.0001,10
504,0.25007893905904643,identity,500,5,lbfgs,0.0001,5
888,0.25007893905904643,identity,200,15,lbfgs,0.0001,10
720,0.25007893905904643,tanh,500,5,lbfgs,0.0001,5
890,0.25007893905904643,identity,200,15,lbfgs,0.01,10
506,0.25007893905904643,identity,500,5,lbfgs,0.01,5
508,0.25007893905904643,identity,500,5,sgd,0.0001,5
889,0.25007893905904643,identity,200,15,lbfgs,0.001,10
428,0.2499210609409536,relu,500,15,adam,0.0001,3
1068,0.24976318282286075,logistic,500,15,lbfgs,0.0001,10
1044,0.24976318282286075,logistic,500,5,lbfgs,0.0001,10
1056,0.24976318282286075,logistic,500,10,lbfgs,0.0001,10
256,0.2496053047047679,tanh,300,5,sgd,0.0001,3
292,0.2496053047047679,tanh,500,5,sgd,0.0001,3
1008,0.24928954846858226,logistic,300,5,lbfgs,0.0001,10
1032,0.24928954846858226,logistic,300,15,lbfgs,0.0001,10
416,0.24928954846858226,relu,500,10,adam,0.0001,3
1020,0.24928954846858226,logistic,300,10,lbfgs,0.0001,10
232,0.24913167035048941,tanh,200,10,sgd,0.0001,3
360,0.24913167035048941,relu,300,5,lbfgs,0.0001,3
361,0.24913167035048941,relu,300,5,lbfgs,0.001,3
372,0.24913167035048941,relu,300,10,lbfgs,0.0001,3
373,0.24913167035048941,relu,300,10,lbfgs,0.001,3
384,0.24913167035048941,relu,300,15,lbfgs,0.0001,3
220,0.24913167035048941,tanh,200,5,sgd,0.0001,3
385,0.24913167035048941,relu,300,15,lbfgs,0.001,3
244,0.24913167035048941,tanh,200,15,sgd,0.0001,3
576,0.2485001578781181,logistic,300,5,lbfgs,0.0001,5
588,0.2485001578781181,logistic,300,10,lbfgs,0.0001,5
600,0.2485001578781181,logistic,300,15,lbfgs,0.0001,5
421,0.24786864540574677,relu,500,15,lbfgs,0.001,3
397,0.24786864540574677,relu,500,5,lbfgs,0.001,3
409,0.24786864540574677,relu,500,10,lbfgs,0.001,3
229,0.24739501105146827,tanh,200,10,lbfgs,0.001,3
217,0.24739501105146827,tanh,200,5,lbfgs,0.001,3
216,0.24739501105146827,tanh,200,5,lbfgs,0.0001,3
241,0.24739501105146827,tanh,200,15,lbfgs,0.001,3
228,0.24739501105146827,tanh,200,10,lbfgs,0.0001,3
240,0.24739501105146827,tanh,200,15,lbfgs,0.0001,3
299,0.2455004736343543,tanh,500,5,adam,0.1,3
227,0.2455004736343543,tanh,200,5,adam,0.1,3
263,0.2455004736343543,tanh,300,5,adam,0.1,3
1175,0.24534259551626145,tanh,500,10,adam,0.1,10
1139,0.24534259551626145,tanh,300,10,adam,0.1,10
1103,0.24534259551626145,tanh,200,10,adam,0.1,10
972,0.2451847173981686,logistic,200,5,lbfgs,0.0001,10
996,0.2451847173981686,logistic,200,15,lbfgs,0.0001,10
984,0.2451847173981686,logistic,200,10,lbfgs,0.0001,10
682,0.24344805809914746,tanh,200,15,adam,0.01,5
754,0.24344805809914746,tanh,500,15,adam,0.01,5
718,0.24344805809914746,tanh,300,15,adam,0.01,5
743,0.24329017998105462,tanh,500,10,adam,0.1,5
671,0.24329017998105462,tanh,200,10,adam,0.1,5
707,0.24329017998105462,tanh,300,10,adam,0.1,5
1165,0.24313230186296178,tanh,500,10,lbfgs,0.001,10
1164,0.24313230186296178,tanh,500,10,lbfgs,0.0001,10
1177,0.24313230186296178,tanh,500,15,lbfgs,0.001,10
1176,0.24313230186296178,tanh,500,15,lbfgs,0.0001,10
1153,0.24313230186296178,tanh,500,5,lbfgs,0.001,10
1152,0.24313230186296178,tanh,500,5,lbfgs,0.0001,10
322,0.24265866750868328,tanh,500,15,adam,0.01,3
250,0.24265866750868328,tanh,200,15,adam,0.01,3
286,0.24265866750868328,tanh,300,15,adam,0.01,3
1116,0.24186927691821913,tanh,300,5,lbfgs,0.0001,10
1117,0.24186927691821913,tanh,300,5,lbfgs,0.001,10
1141,0.24186927691821913,tanh,300,15,lbfgs,0.001,10
1140,0.24186927691821913,tanh,300,15,lbfgs,0.0001,10
1128,0.24186927691821913,tanh,300,10,lbfgs,0.0001,10
1129,0.24186927691821913,tanh,300,10,lbfgs,0.001,10
1091,0.24092200820966214,tanh,200,5,adam,0.1,10
1127,0.24092200820966214,tanh,300,5,adam,0.1,10
1163,0.24092200820966214,tanh,500,5,adam,0.1,10
323,0.23602778654878434,tanh,500,15,adam,0.1,3
659,0.23602778654878434,tanh,200,5,adam,0.1,5
287,0.23602778654878434,tanh,300,15,adam,0.1,3
695,0.23602778654878434,tanh,300,5,adam,0.1,5
731,0.23602778654878434,tanh,500,5,adam,0.1,5
251,0.23602778654878434,tanh,200,15,adam,0.1,3
1244,0.23460688348594885,relu,300,10,adam,0.0001,10
1256,0.23460688348594885,relu,300,15,adam,0.0001,10
730,0.23208083359646353,tanh,500,5,adam,0.01,5
658,0.23208083359646353,tanh,200,5,adam,0.01,5
694,0.23208083359646353,tanh,300,5,adam,0.01,5
1104,0.2265550994632144,tanh,200,15,lbfgs,0.0001,10
1093,0.2265550994632144,tanh,200,10,lbfgs,0.001,10
1092,0.2265550994632144,tanh,200,10,lbfgs,0.0001,10
1081,0.2265550994632144,tanh,200,5,lbfgs,0.001,10
1080,0.2265550994632144,tanh,200,5,lbfgs,0.0001,10
1105,0.2265550994632144,tanh,200,15,lbfgs,0.001,10
