,oob_r2,criterion,max_depth,max_leaf_nodes,n_estimators,knn
1378,0.8589214425874552,log_loss,15.0,,300,10
1218,0.8589214425874552,entropy,15.0,,300,10
1379,0.8587184518573652,log_loss,15.0,,400,10
1219,0.8587184518573652,entropy,15.0,,400,10
98,0.8586507882806685,gini,15.0,,300,3
576,0.8586507882806685,gini,15.0,,150,5
1059,0.8583801339738819,gini,15.0,,400,10
578,0.8583124703971852,gini,15.0,,300,5
579,0.8580418160903985,gini,15.0,,400,5
577,0.8580418160903985,gini,15.0,,200,5
99,0.8579741525137019,gini,15.0,,400,3
1058,0.8578388253603085,gini,15.0,,300,10
1057,0.8577034982069153,gini,15.0,,200,10
96,0.8574328439001285,gini,15.0,,150,3
611,0.8571621895933419,gini,20.0,,400,5
610,0.8570268624399485,gini,20.0,,300,5
259,0.8569591988632519,entropy,15.0,,400,3
419,0.8569591988632519,log_loss,15.0,,400,3
899,0.8568915352865553,log_loss,15.0,,400,5
739,0.8568915352865553,entropy,15.0,,400,5
1217,0.8568238717098586,entropy,15.0,,200,10
450,0.8568238717098586,log_loss,20.0,,300,3
290,0.8568238717098586,entropy,20.0,,300,3
1377,0.8568238717098586,log_loss,15.0,,200,10
930,0.8564855538263753,log_loss,20.0,,300,5
770,0.8564855538263753,entropy,20.0,,300,5
97,0.8564178902496786,gini,15.0,,200,3
1250,0.8563502266729819,entropy,20.0,,300,10
257,0.8563502266729819,entropy,15.0,,200,3
417,0.8563502266729819,log_loss,15.0,,200,3
1410,0.8563502266729819,log_loss,20.0,,300,10
130,0.8563502266729819,gini,20.0,,300,3
738,0.8562825630962853,entropy,15.0,,300,5
898,0.8562825630962853,log_loss,15.0,,300,5
1216,0.8562148995195886,entropy,15.0,,150,10
448,0.8562148995195886,log_loss,20.0,,150,3
1376,0.8562148995195886,log_loss,15.0,,150,10
288,0.8562148995195886,entropy,20.0,,150,3
1411,0.8562148995195886,log_loss,20.0,,400,10
1251,0.8562148995195886,entropy,20.0,,400,10
1026,0.856147235942892,gini,10.0,,300,10
291,0.8560795723661953,entropy,20.0,,400,3
451,0.8560795723661953,log_loss,20.0,,400,3
258,0.8560119087894986,entropy,15.0,,300,3
1056,0.8560119087894986,gini,15.0,,150,10
418,0.8560119087894986,log_loss,15.0,,300,3
449,0.8560119087894986,log_loss,20.0,,200,3
289,0.8560119087894986,entropy,20.0,,200,3
1024,0.855944245212802,gini,10.0,,150,10
129,0.8558765816361052,gini,20.0,,200,3
256,0.8558765816361052,entropy,15.0,,150,3
416,0.8558765816361052,log_loss,15.0,,150,3
131,0.8558089180594086,gini,20.0,,400,3
771,0.8556735909060152,entropy,20.0,,400,5
931,0.8556735909060152,log_loss,20.0,,400,5
736,0.8556059273293186,entropy,15.0,,150,5
896,0.8556059273293186,log_loss,15.0,,150,5
737,0.855538263752622,entropy,15.0,,200,5
897,0.855538263752622,log_loss,15.0,,200,5
609,0.8554706001759252,gini,20.0,,200,5
769,0.8554029365992286,entropy,20.0,,200,5
1091,0.8554029365992286,gini,20.0,,400,10
929,0.8554029365992286,log_loss,20.0,,200,5
1089,0.8554029365992286,gini,20.0,,200,10
1025,0.8554029365992286,gini,10.0,,200,10
1027,0.8552676094458354,gini,10.0,,400,10
1090,0.855132282292442,gini,20.0,,300,10
128,0.855132282292442,gini,20.0,,150,3
928,0.855132282292442,log_loss,20.0,,150,5
768,0.855132282292442,entropy,20.0,,150,5
547,0.854726300832262,gini,10.0,,400,5
1248,0.8545909736788687,entropy,20.0,,150,10
1408,0.8545909736788687,log_loss,20.0,,150,10
1088,0.8545909736788687,gini,20.0,,150,10
546,0.8542526557953853,gini,10.0,,300,5
65,0.8542526557953853,gini,10.0,,200,3
1409,0.854117328641992,log_loss,20.0,,200,10
1249,0.854117328641992,entropy,20.0,,200,10
608,0.854117328641992,gini,20.0,,150,5
545,0.8539820014885987,gini,10.0,,200,5
544,0.8539143379119021,gini,10.0,,150,5
1347,0.8537790107585087,log_loss,10.0,,400,10
1187,0.8537790107585087,entropy,10.0,,400,10
1345,0.8535760200284187,log_loss,10.0,,200,10
1185,0.8535760200284187,entropy,10.0,,200,10
320,0.8534406928750253,log_loss,,,150,3
160,0.8534406928750253,entropy,,,150,3
67,0.8534406928750253,gini,10.0,,400,3
64,0.8534406928750253,gini,10.0,,150,3
1346,0.8533053657216321,log_loss,10.0,,300,10
1186,0.8533053657216321,entropy,10.0,,300,10
323,0.8532377021449353,log_loss,,,400,3
387,0.8532377021449353,log_loss,10.0,,400,3
163,0.8532377021449353,entropy,,,400,3
227,0.8532377021449353,entropy,10.0,,400,3
66,0.8531023749915421,gini,10.0,,300,3
161,0.8530347114148454,entropy,,,200,3
321,0.8530347114148454,log_loss,,,200,3
706,0.8529670478381487,entropy,10.0,,300,5
866,0.8529670478381487,log_loss,10.0,,300,5
386,0.8527640571080587,log_loss,10.0,,300,3
226,0.8527640571080587,entropy,10.0,,300,3
1344,0.8526963935313621,log_loss,10.0,,150,10
1184,0.8526963935313621,entropy,10.0,,150,10
867,0.8526287299546654,log_loss,10.0,,400,5
707,0.8526287299546654,entropy,10.0,,400,5
865,0.8523580756478788,log_loss,10.0,,200,5
705,0.8523580756478788,entropy,10.0,,200,5
322,0.8522904120711821,log_loss,,,300,3
3,0.8522904120711821,gini,,,400,3
162,0.8522904120711821,entropy,,,300,3
704,0.8521550849177888,entropy,10.0,,150,5
864,0.8521550849177888,log_loss,10.0,,150,5
961,0.8521550849177888,gini,,,200,10
225,0.852087421341092,entropy,10.0,,200,3
385,0.852087421341092,log_loss,10.0,,200,3
384,0.852087421341092,log_loss,10.0,,150,3
224,0.852087421341092,entropy,10.0,,150,3
643,0.8520197577643954,entropy,,,400,5
803,0.8520197577643954,log_loss,,,400,5
963,0.8519520941876988,gini,,,400,10
482,0.8518167670343054,gini,,,300,5
962,0.851681439880912,gini,,,300,10
2,0.8515461127275188,gini,,,300,3
960,0.8514784491508222,gini,,,150,10
0,0.8514784491508222,gini,,,150,3
483,0.8510048041139454,gini,,,400,5
1,0.8505311590770688,gini,,,200,3
802,0.8503281683469788,log_loss,,,300,5
642,0.8503281683469788,entropy,,,300,5
481,0.8503281683469788,gini,,,200,5
801,0.8502605047702821,log_loss,,,200,5
641,0.8502605047702821,entropy,,,200,5
480,0.8499898504634955,gini,,,150,5
1280,0.8495162054266189,log_loss,,,150,10
1120,0.8495162054266189,entropy,,,150,10
1123,0.8494485418499221,entropy,,,400,10
1283,0.8494485418499221,log_loss,,,400,10
800,0.8492455511198322,log_loss,,,150,5
640,0.8492455511198322,entropy,,,150,5
1121,0.8487719060829555,entropy,,,200,10
1281,0.8487719060829555,log_loss,,,200,10
1282,0.8481629338926856,log_loss,,,300,10
1122,0.8481629338926856,entropy,,,300,10
1314,0.847486298125719,log_loss,5.0,,300,10
1154,0.847486298125719,entropy,5.0,,300,10
1155,0.847080316665539,entropy,5.0,,400,10
1315,0.847080316665539,log_loss,5.0,,400,10
994,0.8469449895121456,gini,5.0,,300,10
995,0.8468096623587523,gini,5.0,,400,10
993,0.8466066716286623,gini,5.0,,200,10
35,0.8465390080519656,gini,5.0,,400,3
515,0.8464036808985723,gini,5.0,,400,5
34,0.8464036808985723,gini,5.0,,300,3
1313,0.8463360173218757,log_loss,5.0,,200,10
1153,0.8463360173218757,entropy,5.0,,200,10
514,0.8463360173218757,gini,5.0,,300,5
834,0.8462006901684823,log_loss,5.0,,300,5
674,0.8462006901684823,entropy,5.0,,300,5
992,0.8459976994383923,gini,5.0,,150,10
833,0.8458623722849989,log_loss,5.0,,200,5
673,0.8458623722849989,entropy,5.0,,200,5
355,0.8456593815549089,log_loss,5.0,,400,3
195,0.8456593815549089,entropy,5.0,,400,3
354,0.8455240544015157,log_loss,5.0,,300,3
194,0.8455240544015157,entropy,5.0,,300,3
835,0.8453887272481223,log_loss,5.0,,400,5
675,0.8453887272481223,entropy,5.0,,400,5
1055,0.8453210636714257,gini,10.0,15.0,400,10
991,0.8453210636714257,gini,,15.0,400,10
1119,0.8453210636714257,gini,20.0,15.0,400,10
1087,0.8453210636714257,gini,15.0,15.0,400,10
33,0.845253400094729,gini,5.0,,200,3
861,0.845253400094729,log_loss,5.0,15.0,200,5
701,0.845253400094729,entropy,5.0,15.0,200,5
513,0.8451857365180323,gini,5.0,,200,5
1181,0.845050409364639,entropy,5.0,15.0,200,10
1341,0.845050409364639,log_loss,5.0,15.0,200,10
63,0.8449827457879423,gini,5.0,15.0,400,3
193,0.8449150822112457,entropy,5.0,,200,3
1054,0.8449150822112457,gini,10.0,15.0,300,10
1086,0.8449150822112457,gini,15.0,15.0,300,10
353,0.8449150822112457,log_loss,5.0,,200,3
990,0.8449150822112457,gini,,15.0,300,10
1022,0.8449150822112457,gini,5.0,15.0,300,10
1118,0.8449150822112457,gini,20.0,15.0,300,10
573,0.844847418634549,gini,10.0,15.0,200,5
637,0.844847418634549,gini,20.0,15.0,200,5
1023,0.844847418634549,gini,5.0,15.0,400,10
702,0.844847418634549,entropy,5.0,15.0,300,5
862,0.844847418634549,log_loss,5.0,15.0,300,5
605,0.844847418634549,gini,15.0,15.0,200,5
509,0.844847418634549,gini,,15.0,200,5
700,0.8447797550578524,entropy,5.0,15.0,150,5
860,0.8447797550578524,log_loss,5.0,15.0,150,5
61,0.8447797550578524,gini,5.0,15.0,200,3
1021,0.8447120914811557,gini,5.0,15.0,200,10
1053,0.8447120914811557,gini,10.0,15.0,200,10
1117,0.8447120914811557,gini,20.0,15.0,200,10
989,0.8447120914811557,gini,,15.0,200,10
1085,0.8447120914811557,gini,15.0,15.0,200,10
604,0.844644427904459,gini,15.0,15.0,150,5
636,0.844644427904459,gini,20.0,15.0,150,5
95,0.844644427904459,gini,10.0,15.0,400,3
125,0.844644427904459,gini,15.0,15.0,200,3
572,0.844644427904459,gini,10.0,15.0,150,5
31,0.844644427904459,gini,,15.0,400,3
93,0.844644427904459,gini,10.0,15.0,200,3
157,0.844644427904459,gini,20.0,15.0,200,3
29,0.844644427904459,gini,,15.0,200,3
543,0.844644427904459,gini,5.0,15.0,400,5
159,0.844644427904459,gini,20.0,15.0,400,3
508,0.844644427904459,gini,,15.0,150,5
127,0.844644427904459,gini,15.0,15.0,400,3
94,0.8445091007510657,gini,10.0,15.0,300,3
158,0.8445091007510657,gini,20.0,15.0,300,3
607,0.8445091007510657,gini,15.0,15.0,400,5
126,0.8445091007510657,gini,15.0,15.0,300,3
511,0.8445091007510657,gini,,15.0,400,5
30,0.8445091007510657,gini,,15.0,300,3
639,0.8445091007510657,gini,20.0,15.0,400,5
575,0.844441437174369,gini,10.0,15.0,400,5
510,0.844441437174369,gini,,15.0,300,5
606,0.844441437174369,gini,15.0,15.0,300,5
512,0.844441437174369,gini,5.0,,150,5
1308,0.844441437174369,log_loss,,15.0,150,10
505,0.844441437174369,gini,,13.0,200,5
633,0.844441437174369,gini,20.0,13.0,200,5
638,0.844441437174369,gini,20.0,15.0,300,5
601,0.844441437174369,gini,15.0,13.0,200,5
1404,0.844441437174369,log_loss,15.0,15.0,150,10
1436,0.844441437174369,log_loss,20.0,15.0,150,10
569,0.844441437174369,gini,10.0,13.0,200,5
672,0.844441437174369,entropy,5.0,,150,5
62,0.844441437174369,gini,5.0,15.0,300,3
1276,0.844441437174369,entropy,20.0,15.0,150,10
1148,0.844441437174369,entropy,,15.0,150,10
1244,0.844441437174369,entropy,15.0,15.0,150,10
832,0.844441437174369,log_loss,5.0,,150,5
574,0.8443737735976724,gini,10.0,15.0,300,5
863,0.8443737735976724,log_loss,5.0,15.0,400,5
703,0.8443737735976724,entropy,5.0,15.0,400,5
1020,0.8443737735976724,gini,5.0,15.0,150,10
1212,0.8443061100209757,entropy,10.0,15.0,150,10
892,0.8443061100209757,log_loss,10.0,15.0,150,5
1343,0.8443061100209757,log_loss,5.0,15.0,400,10
1372,0.8443061100209757,log_loss,10.0,15.0,150,10
924,0.8443061100209757,log_loss,15.0,15.0,150,5
796,0.8443061100209757,entropy,20.0,15.0,150,5
1183,0.8443061100209757,entropy,5.0,15.0,400,10
956,0.8443061100209757,log_loss,20.0,15.0,150,5
764,0.8443061100209757,entropy,15.0,15.0,150,5
828,0.8443061100209757,log_loss,,15.0,150,5
732,0.8443061100209757,entropy,10.0,15.0,150,5
668,0.8443061100209757,entropy,,15.0,150,5
1084,0.844238446444279,gini,15.0,15.0,150,10
92,0.844238446444279,gini,10.0,15.0,150,3
697,0.844238446444279,entropy,5.0,13.0,200,5
1342,0.844238446444279,log_loss,5.0,15.0,300,10
857,0.844238446444279,log_loss,5.0,13.0,200,5
156,0.844238446444279,gini,20.0,15.0,150,3
124,0.844238446444279,gini,15.0,15.0,150,3
28,0.844238446444279,gini,,15.0,150,3
1340,0.844238446444279,log_loss,5.0,15.0,150,10
1116,0.844238446444279,gini,20.0,15.0,150,10
1180,0.844238446444279,entropy,5.0,15.0,150,10
1182,0.844238446444279,entropy,5.0,15.0,300,10
988,0.844238446444279,gini,,15.0,150,10
60,0.8441707828675824,gini,5.0,15.0,150,3
1052,0.8441707828675824,gini,10.0,15.0,150,10
1208,0.8441031192908857,entropy,10.0,13.0,150,10
1432,0.8441031192908857,log_loss,20.0,13.0,150,10
1400,0.8441031192908857,log_loss,15.0,13.0,150,10
1368,0.8441031192908857,log_loss,10.0,13.0,150,10
381,0.8441031192908857,log_loss,5.0,15.0,200,3
1304,0.8441031192908857,log_loss,,13.0,150,10
1177,0.8441031192908857,entropy,5.0,13.0,200,10
221,0.8441031192908857,entropy,5.0,15.0,200,3
1240,0.8441031192908857,entropy,15.0,13.0,150,10
1144,0.8441031192908857,entropy,,13.0,150,10
1272,0.8441031192908857,entropy,20.0,13.0,150,10
1337,0.8441031192908857,log_loss,5.0,13.0,200,10
352,0.844035455714189,log_loss,5.0,,150,3
1312,0.844035455714189,log_loss,5.0,,150,10
542,0.844035455714189,gini,5.0,15.0,300,5
192,0.844035455714189,entropy,5.0,,150,3
1152,0.844035455714189,entropy,5.0,,150,10
793,0.8439677921374924,entropy,20.0,13.0,200,5
729,0.8439677921374924,entropy,10.0,13.0,200,5
634,0.8439677921374924,gini,20.0,13.0,300,5
953,0.8439677921374924,log_loss,20.0,13.0,200,5
1247,0.8439677921374924,entropy,15.0,15.0,400,10
570,0.8439677921374924,gini,10.0,13.0,300,5
1151,0.8439677921374924,entropy,,15.0,400,10
665,0.8439677921374924,entropy,,13.0,200,5
761,0.8439677921374924,entropy,15.0,13.0,200,5
1407,0.8439677921374924,log_loss,15.0,15.0,400,10
921,0.8439677921374924,log_loss,15.0,13.0,200,5
1375,0.8439677921374924,log_loss,10.0,15.0,400,10
1311,0.8439677921374924,log_loss,,15.0,400,10
825,0.8439677921374924,log_loss,,13.0,200,5
602,0.8439677921374924,gini,15.0,13.0,300,5
889,0.8439677921374924,log_loss,10.0,13.0,200,5
1215,0.8439677921374924,entropy,10.0,15.0,400,10
506,0.8439677921374924,gini,,13.0,300,5
1279,0.8439677921374924,entropy,20.0,15.0,400,10
1439,0.8439677921374924,log_loss,20.0,15.0,400,10
1113,0.8439001285607958,gini,20.0,13.0,200,10
985,0.8439001285607958,gini,,13.0,200,10
476,0.8439001285607958,log_loss,20.0,15.0,150,3
188,0.8439001285607958,entropy,,15.0,150,3
444,0.8439001285607958,log_loss,15.0,15.0,150,3
316,0.8439001285607958,entropy,20.0,15.0,150,3
348,0.8439001285607958,log_loss,,15.0,150,3
412,0.8439001285607958,log_loss,10.0,15.0,150,3
1081,0.8439001285607958,gini,15.0,13.0,200,10
1049,0.8439001285607958,gini,10.0,13.0,200,10
284,0.8439001285607958,entropy,15.0,15.0,150,3
252,0.8439001285607958,entropy,10.0,15.0,150,3
191,0.843832464984099,entropy,,15.0,400,3
699,0.843832464984099,entropy,5.0,13.0,400,5
479,0.843832464984099,log_loss,20.0,15.0,400,3
478,0.843832464984099,log_loss,20.0,15.0,300,3
477,0.843832464984099,log_loss,20.0,15.0,200,3
189,0.843832464984099,entropy,,15.0,200,3
349,0.843832464984099,log_loss,,15.0,200,3
350,0.843832464984099,log_loss,,15.0,300,3
1019,0.843832464984099,gini,5.0,13.0,400,10
445,0.843832464984099,log_loss,15.0,15.0,200,3
798,0.843832464984099,entropy,20.0,15.0,300,5
446,0.843832464984099,log_loss,15.0,15.0,300,3
447,0.843832464984099,log_loss,15.0,15.0,400,3
190,0.843832464984099,entropy,,15.0,300,3
926,0.843832464984099,log_loss,15.0,15.0,300,5
670,0.843832464984099,entropy,,15.0,300,5
351,0.843832464984099,log_loss,,15.0,400,3
285,0.843832464984099,entropy,15.0,15.0,200,3
894,0.843832464984099,log_loss,10.0,15.0,300,5
255,0.843832464984099,entropy,10.0,15.0,400,3
734,0.843832464984099,entropy,10.0,15.0,300,5
830,0.843832464984099,log_loss,,15.0,300,5
413,0.843832464984099,log_loss,10.0,15.0,200,3
414,0.843832464984099,log_loss,10.0,15.0,300,3
958,0.843832464984099,log_loss,20.0,15.0,300,5
859,0.843832464984099,log_loss,5.0,13.0,400,5
317,0.843832464984099,entropy,20.0,15.0,200,3
318,0.843832464984099,entropy,20.0,15.0,300,3
319,0.843832464984099,entropy,20.0,15.0,400,3
415,0.843832464984099,log_loss,10.0,15.0,400,3
287,0.843832464984099,entropy,15.0,15.0,400,3
254,0.843832464984099,entropy,10.0,15.0,300,3
253,0.843832464984099,entropy,10.0,15.0,200,3
286,0.843832464984099,entropy,15.0,15.0,300,3
541,0.843832464984099,gini,5.0,15.0,200,5
766,0.843832464984099,entropy,15.0,15.0,300,5
1017,0.8437648014074024,gini,5.0,13.0,200,10
1339,0.8437648014074024,log_loss,5.0,13.0,400,10
25,0.8437648014074024,gini,,13.0,200,3
957,0.8437648014074024,log_loss,20.0,15.0,200,5
153,0.8437648014074024,gini,20.0,13.0,200,3
1309,0.8437648014074024,log_loss,,15.0,200,10
765,0.8437648014074024,entropy,15.0,15.0,200,5
121,0.8437648014074024,gini,15.0,13.0,200,3
893,0.8437648014074024,log_loss,10.0,15.0,200,5
1277,0.8437648014074024,entropy,20.0,15.0,200,10
1018,0.8437648014074024,gini,5.0,13.0,300,10
733,0.8437648014074024,entropy,10.0,15.0,200,5
698,0.8437648014074024,entropy,5.0,13.0,300,5
1437,0.8437648014074024,log_loss,20.0,15.0,200,10
669,0.8437648014074024,entropy,,15.0,200,5
1179,0.8437648014074024,entropy,5.0,13.0,400,10
858,0.8437648014074024,log_loss,5.0,13.0,300,5
1149,0.8437648014074024,entropy,,15.0,200,10
925,0.8437648014074024,log_loss,15.0,15.0,200,5
1405,0.8437648014074024,log_loss,15.0,15.0,200,10
1245,0.8437648014074024,entropy,15.0,15.0,200,10
89,0.8437648014074024,gini,10.0,13.0,200,3
829,0.8437648014074024,log_loss,,15.0,200,5
797,0.8437648014074024,entropy,20.0,15.0,200,5
155,0.8436971378307058,gini,20.0,13.0,400,3
986,0.8436971378307058,gini,,13.0,300,10
1336,0.8436971378307058,log_loss,5.0,13.0,150,10
32,0.8436971378307058,gini,5.0,,150,3
91,0.8436971378307058,gini,10.0,13.0,400,3
1082,0.8436971378307058,gini,15.0,13.0,300,10
1114,0.8436971378307058,gini,20.0,13.0,300,10
382,0.8436971378307058,log_loss,5.0,15.0,300,3
123,0.8436971378307058,gini,15.0,13.0,400,3
1050,0.8436971378307058,gini,10.0,13.0,300,10
222,0.8436971378307058,entropy,5.0,15.0,300,3
1176,0.8436971378307058,entropy,5.0,13.0,150,10
27,0.8436971378307058,gini,,13.0,400,3
1213,0.843629474254009,entropy,10.0,15.0,200,10
1150,0.843629474254009,entropy,,15.0,300,10
987,0.843629474254009,gini,,13.0,400,10
507,0.843629474254009,gini,,13.0,400,5
1310,0.843629474254009,log_loss,,15.0,300,10
603,0.843629474254009,gini,15.0,13.0,400,5
1115,0.843629474254009,gini,20.0,13.0,400,10
1083,0.843629474254009,gini,15.0,13.0,400,10
1278,0.843629474254009,entropy,20.0,15.0,300,10
635,0.843629474254009,gini,20.0,13.0,400,5
1051,0.843629474254009,gini,10.0,13.0,400,10
223,0.843629474254009,entropy,5.0,15.0,400,3
1246,0.843629474254009,entropy,15.0,15.0,300,10
571,0.843629474254009,gini,10.0,13.0,400,5
540,0.843629474254009,gini,5.0,15.0,150,5
1373,0.843629474254009,log_loss,10.0,15.0,200,10
383,0.843629474254009,log_loss,5.0,15.0,400,3
1438,0.843629474254009,log_loss,20.0,15.0,300,10
1406,0.843629474254009,log_loss,15.0,15.0,300,10
1209,0.8435618106773124,entropy,10.0,13.0,200,10
1214,0.8435618106773124,entropy,10.0,15.0,300,10
59,0.8435618106773124,gini,5.0,13.0,400,3
1145,0.8435618106773124,entropy,,13.0,200,10
1401,0.8435618106773124,log_loss,15.0,13.0,200,10
1241,0.8435618106773124,entropy,15.0,13.0,200,10
1374,0.8435618106773124,log_loss,10.0,15.0,300,10
1273,0.8435618106773124,entropy,20.0,13.0,200,10
1369,0.8435618106773124,log_loss,10.0,13.0,200,10
1305,0.8435618106773124,log_loss,,13.0,200,10
1433,0.8435618106773124,log_loss,20.0,13.0,200,10
1338,0.8434941471006158,log_loss,5.0,13.0,300,10
1016,0.8434941471006158,gini,5.0,13.0,150,10
1178,0.8434941471006158,entropy,5.0,13.0,300,10
799,0.843426483523919,entropy,20.0,15.0,400,5
671,0.843426483523919,entropy,,15.0,400,5
927,0.843426483523919,log_loss,15.0,15.0,400,5
217,0.843426483523919,entropy,5.0,13.0,200,3
895,0.843426483523919,log_loss,10.0,15.0,400,5
735,0.843426483523919,entropy,10.0,15.0,400,5
959,0.843426483523919,log_loss,20.0,15.0,400,5
377,0.843426483523919,log_loss,5.0,13.0,200,3
831,0.843426483523919,log_loss,,15.0,400,5
767,0.843426483523919,entropy,15.0,15.0,400,5
1307,0.8433588199472224,log_loss,,13.0,400,10
728,0.8433588199472224,entropy,10.0,13.0,150,5
568,0.8433588199472224,gini,10.0,13.0,150,5
664,0.8433588199472224,entropy,,13.0,150,5
1147,0.8433588199472224,entropy,,13.0,400,10
1243,0.8433588199472224,entropy,15.0,13.0,400,10
1403,0.8433588199472224,log_loss,15.0,13.0,400,10
154,0.8433588199472224,gini,20.0,13.0,300,3
632,0.8433588199472224,gini,20.0,13.0,150,5
120,0.8433588199472224,gini,15.0,13.0,150,3
920,0.8433588199472224,log_loss,15.0,13.0,150,5
90,0.8433588199472224,gini,10.0,13.0,300,3
504,0.8433588199472224,gini,,13.0,150,5
824,0.8433588199472224,log_loss,,13.0,150,5
600,0.8433588199472224,gini,15.0,13.0,150,5
88,0.8433588199472224,gini,10.0,13.0,150,3
1211,0.8433588199472224,entropy,10.0,13.0,400,10
1435,0.8433588199472224,log_loss,20.0,13.0,400,10
792,0.8433588199472224,entropy,20.0,13.0,150,5
24,0.8433588199472224,gini,,13.0,150,3
152,0.8433588199472224,gini,20.0,13.0,150,3
760,0.8433588199472224,entropy,15.0,13.0,150,5
122,0.8433588199472224,gini,15.0,13.0,300,3
26,0.8433588199472224,gini,,13.0,300,3
952,0.8433588199472224,log_loss,20.0,13.0,150,5
1275,0.8433588199472224,entropy,20.0,13.0,400,10
888,0.8433588199472224,log_loss,10.0,13.0,150,5
1371,0.8433588199472224,log_loss,10.0,13.0,400,10
281,0.8432911563705258,entropy,15.0,13.0,200,3
441,0.8432911563705258,log_loss,15.0,13.0,200,3
58,0.8432911563705258,gini,5.0,13.0,300,3
539,0.8432911563705258,gini,5.0,13.0,400,5
185,0.8432911563705258,entropy,,13.0,200,3
473,0.8432911563705258,log_loss,20.0,13.0,200,3
409,0.8432911563705258,log_loss,10.0,13.0,200,3
345,0.8432911563705258,log_loss,,13.0,200,3
249,0.8432911563705258,entropy,10.0,13.0,200,3
313,0.8432911563705258,entropy,20.0,13.0,200,3
856,0.8432234927938291,log_loss,5.0,13.0,150,5
696,0.8432234927938291,entropy,5.0,13.0,150,5
380,0.8431558292171324,log_loss,5.0,15.0,150,3
220,0.8431558292171324,entropy,5.0,15.0,150,3
537,0.8430881656404358,gini,5.0,13.0,200,5
1242,0.8430205020637391,entropy,15.0,13.0,300,10
1080,0.8430205020637391,gini,15.0,13.0,150,10
1402,0.8430205020637391,log_loss,15.0,13.0,300,10
536,0.8430205020637391,gini,5.0,13.0,150,5
1112,0.8430205020637391,gini,20.0,13.0,150,10
1048,0.8430205020637391,gini,10.0,13.0,150,10
1146,0.8430205020637391,entropy,,13.0,300,10
1370,0.8430205020637391,log_loss,10.0,13.0,300,10
1274,0.8430205020637391,entropy,20.0,13.0,300,10
1210,0.8430205020637391,entropy,10.0,13.0,300,10
1306,0.8430205020637391,log_loss,,13.0,300,10
984,0.8430205020637391,gini,,13.0,150,10
1434,0.8430205020637391,log_loss,20.0,13.0,300,10
219,0.8429528384870424,entropy,5.0,13.0,400,3
379,0.8429528384870424,log_loss,5.0,13.0,400,3
827,0.8428851749103458,log_loss,,13.0,400,5
763,0.8428851749103458,entropy,15.0,13.0,400,5
184,0.8428851749103458,entropy,,13.0,150,3
538,0.8428851749103458,gini,5.0,13.0,300,5
731,0.8428851749103458,entropy,10.0,13.0,400,5
248,0.8428851749103458,entropy,10.0,13.0,150,3
216,0.8428851749103458,entropy,5.0,13.0,150,3
440,0.8428851749103458,log_loss,15.0,13.0,150,3
472,0.8428851749103458,log_loss,20.0,13.0,150,3
955,0.8428851749103458,log_loss,20.0,13.0,400,5
923,0.8428851749103458,log_loss,15.0,13.0,400,5
312,0.8428851749103458,entropy,20.0,13.0,150,3
891,0.8428851749103458,log_loss,10.0,13.0,400,5
280,0.8428851749103458,entropy,15.0,13.0,150,3
344,0.8428851749103458,log_loss,,13.0,150,3
795,0.8428851749103458,entropy,20.0,13.0,400,5
376,0.8428851749103458,log_loss,5.0,13.0,150,3
667,0.8428851749103458,entropy,,13.0,400,5
408,0.8428851749103458,log_loss,10.0,13.0,150,3
283,0.8428175113336491,entropy,15.0,13.0,400,3
218,0.8428175113336491,entropy,5.0,13.0,300,3
251,0.8428175113336491,entropy,10.0,13.0,400,3
315,0.8428175113336491,entropy,20.0,13.0,400,3
378,0.8428175113336491,log_loss,5.0,13.0,300,3
475,0.8428175113336491,log_loss,20.0,13.0,400,3
411,0.8428175113336491,log_loss,10.0,13.0,400,3
57,0.8428175113336491,gini,5.0,13.0,200,3
187,0.8428175113336491,entropy,,13.0,400,3
443,0.8428175113336491,log_loss,15.0,13.0,400,3
347,0.8428175113336491,log_loss,,13.0,400,3
314,0.8426821841802558,entropy,20.0,13.0,300,3
730,0.8426821841802558,entropy,10.0,13.0,300,5
250,0.8426821841802558,entropy,10.0,13.0,300,3
826,0.8426821841802558,log_loss,,13.0,300,5
922,0.8426821841802558,log_loss,15.0,13.0,300,5
186,0.8426821841802558,entropy,,13.0,300,3
346,0.8426821841802558,log_loss,,13.0,300,3
666,0.8426821841802558,entropy,,13.0,300,5
794,0.8426821841802558,entropy,20.0,13.0,300,5
282,0.8426821841802558,entropy,15.0,13.0,300,3
890,0.8426821841802558,log_loss,10.0,13.0,300,5
442,0.8426821841802558,log_loss,15.0,13.0,300,3
762,0.8426821841802558,entropy,15.0,13.0,300,5
954,0.8426821841802558,log_loss,20.0,13.0,300,5
410,0.8426821841802558,log_loss,10.0,13.0,300,3
474,0.8426821841802558,log_loss,20.0,13.0,300,3
56,0.8426145206035591,gini,5.0,13.0,150,3
1015,0.8425468570268625,gini,5.0,10.0,400,10
1141,0.8423438662967725,entropy,,10.0,200,10
1237,0.8423438662967725,entropy,15.0,10.0,200,10
1365,0.8423438662967725,log_loss,10.0,10.0,200,10
1269,0.8423438662967725,entropy,20.0,10.0,200,10
1205,0.8423438662967725,entropy,10.0,10.0,200,10
1301,0.8423438662967725,log_loss,,10.0,200,10
1429,0.8423438662967725,log_loss,20.0,10.0,200,10
1397,0.8423438662967725,log_loss,15.0,10.0,200,10
1335,0.8422085391433791,log_loss,5.0,10.0,400,10
1175,0.8422085391433791,entropy,5.0,10.0,400,10
1109,0.8421408755666825,gini,20.0,10.0,200,10
1077,0.8421408755666825,gini,15.0,10.0,200,10
1045,0.8421408755666825,gini,10.0,10.0,200,10
981,0.8421408755666825,gini,,10.0,200,10
983,0.8420732119899857,gini,,10.0,400,10
1079,0.8420732119899857,gini,15.0,10.0,400,10
1047,0.8420732119899857,gini,10.0,10.0,400,10
1111,0.8420732119899857,gini,20.0,10.0,400,10
1399,0.8420055484132891,log_loss,15.0,10.0,400,10
1239,0.8420055484132891,entropy,15.0,10.0,400,10
1271,0.8420055484132891,entropy,20.0,10.0,400,10
1238,0.8420055484132891,entropy,15.0,10.0,300,10
1206,0.8420055484132891,entropy,10.0,10.0,300,10
1207,0.8420055484132891,entropy,10.0,10.0,400,10
1142,0.8420055484132891,entropy,,10.0,300,10
1270,0.8420055484132891,entropy,20.0,10.0,300,10
1174,0.8420055484132891,entropy,5.0,10.0,300,10
1334,0.8420055484132891,log_loss,5.0,10.0,300,10
1143,0.8420055484132891,entropy,,10.0,400,10
1302,0.8420055484132891,log_loss,,10.0,300,10
1303,0.8420055484132891,log_loss,,10.0,400,10
1367,0.8420055484132891,log_loss,10.0,10.0,400,10
1366,0.8420055484132891,log_loss,10.0,10.0,300,10
1398,0.8420055484132891,log_loss,15.0,10.0,300,10
1430,0.8420055484132891,log_loss,20.0,10.0,300,10
1431,0.8420055484132891,log_loss,20.0,10.0,400,10
950,0.8418702212598957,log_loss,20.0,10.0,300,5
1046,0.8418702212598957,gini,10.0,10.0,300,10
758,0.8418702212598957,entropy,15.0,10.0,300,5
886,0.8418702212598957,log_loss,10.0,10.0,300,5
1110,0.8418702212598957,gini,20.0,10.0,300,10
662,0.8418702212598957,entropy,,10.0,300,5
790,0.8418702212598957,entropy,20.0,10.0,300,5
918,0.8418702212598957,log_loss,15.0,10.0,300,5
822,0.8418702212598957,log_loss,,10.0,300,5
982,0.8418702212598957,gini,,10.0,300,10
1078,0.8418702212598957,gini,15.0,10.0,300,10
726,0.8418702212598957,entropy,10.0,10.0,300,5
119,0.8417348941065025,gini,15.0,10.0,400,3
854,0.8417348941065025,log_loss,5.0,10.0,300,5
151,0.8417348941065025,gini,20.0,10.0,400,3
694,0.8417348941065025,entropy,5.0,10.0,300,5
23,0.8417348941065025,gini,,10.0,400,3
87,0.8417348941065025,gini,10.0,10.0,400,3
757,0.8415319033764125,entropy,15.0,10.0,200,5
1173,0.8415319033764125,entropy,5.0,10.0,200,10
1172,0.8415319033764125,entropy,5.0,10.0,150,10
725,0.8415319033764125,entropy,10.0,10.0,200,5
1332,0.8415319033764125,log_loss,5.0,10.0,150,10
885,0.8415319033764125,log_loss,10.0,10.0,200,5
855,0.8415319033764125,log_loss,5.0,10.0,400,5
1333,0.8415319033764125,log_loss,5.0,10.0,200,10
979,0.8415319033764125,gini,,9.0,400,10
1075,0.8415319033764125,gini,15.0,9.0,400,10
821,0.8415319033764125,log_loss,,10.0,200,5
1107,0.8415319033764125,gini,20.0,9.0,400,10
917,0.8415319033764125,log_loss,15.0,10.0,200,5
1043,0.8415319033764125,gini,10.0,9.0,400,10
789,0.8415319033764125,entropy,20.0,10.0,200,5
949,0.8415319033764125,log_loss,20.0,10.0,200,5
661,0.8415319033764125,entropy,,10.0,200,5
692,0.8415319033764125,entropy,5.0,10.0,150,5
695,0.8415319033764125,entropy,5.0,10.0,400,5
852,0.8415319033764125,log_loss,5.0,10.0,150,5
823,0.8414642397997159,log_loss,,10.0,400,5
759,0.8414642397997159,entropy,15.0,10.0,400,5
727,0.8414642397997159,entropy,10.0,10.0,400,5
631,0.8414642397997159,gini,20.0,10.0,400,5
599,0.8414642397997159,gini,15.0,10.0,400,5
951,0.8414642397997159,log_loss,20.0,10.0,400,5
919,0.8414642397997159,log_loss,15.0,10.0,400,5
663,0.8414642397997159,entropy,,10.0,400,5
791,0.8414642397997159,entropy,20.0,10.0,400,5
503,0.8414642397997159,gini,,10.0,400,5
567,0.8414642397997159,gini,10.0,10.0,400,5
887,0.8414642397997159,log_loss,10.0,10.0,400,5
535,0.8413965762230191,gini,5.0,10.0,400,5
213,0.8413289126463225,entropy,5.0,10.0,200,3
373,0.8413289126463225,log_loss,5.0,10.0,200,3
1044,0.8413289126463225,gini,10.0,10.0,150,10
1076,0.8413289126463225,gini,15.0,10.0,150,10
980,0.8413289126463225,gini,,10.0,150,10
630,0.8413289126463225,gini,20.0,10.0,300,5
502,0.8413289126463225,gini,,10.0,300,5
598,0.8413289126463225,gini,15.0,10.0,300,5
566,0.8413289126463225,gini,10.0,10.0,300,5
1108,0.8413289126463225,gini,20.0,10.0,150,10
629,0.8412612490696258,gini,20.0,10.0,200,5
565,0.8412612490696258,gini,10.0,10.0,200,5
1011,0.8412612490696258,gini,5.0,9.0,400,10
597,0.8412612490696258,gini,15.0,10.0,200,5
501,0.8412612490696258,gini,,10.0,200,5
693,0.8411935854929291,entropy,5.0,10.0,200,5
55,0.8411935854929291,gini,5.0,10.0,400,3
853,0.8411935854929291,log_loss,5.0,10.0,200,5
1204,0.8411259219162325,entropy,10.0,10.0,150,10
1268,0.8411259219162325,entropy,20.0,10.0,150,10
22,0.8411259219162325,gini,,10.0,300,3
1236,0.8411259219162325,entropy,15.0,10.0,150,10
1396,0.8411259219162325,log_loss,15.0,10.0,150,10
1300,0.8411259219162325,log_loss,,10.0,150,10
1428,0.8411259219162325,log_loss,20.0,10.0,150,10
149,0.8411259219162325,gini,20.0,10.0,200,3
86,0.8411259219162325,gini,10.0,10.0,300,3
85,0.8411259219162325,gini,10.0,10.0,200,3
1140,0.8411259219162325,entropy,,10.0,150,10
21,0.8411259219162325,gini,,10.0,200,3
150,0.8411259219162325,gini,20.0,10.0,300,3
118,0.8411259219162325,gini,15.0,10.0,300,3
1364,0.8411259219162325,log_loss,10.0,10.0,150,10
117,0.8411259219162325,gini,15.0,10.0,200,3
916,0.8410582583395358,log_loss,15.0,10.0,150,5
724,0.8410582583395358,entropy,10.0,10.0,150,5
756,0.8410582583395358,entropy,15.0,10.0,150,5
884,0.8410582583395358,log_loss,10.0,10.0,150,5
788,0.8410582583395358,entropy,20.0,10.0,150,5
820,0.8410582583395358,log_loss,,10.0,150,5
660,0.8410582583395358,entropy,,10.0,150,5
948,0.8410582583395358,log_loss,20.0,10.0,150,5
212,0.8409905947628392,entropy,5.0,10.0,150,3
372,0.8409905947628392,log_loss,5.0,10.0,150,3
534,0.8409905947628392,gini,5.0,10.0,300,5
1014,0.8409905947628392,gini,5.0,10.0,300,10
341,0.8409229311861425,log_loss,,10.0,200,3
437,0.8409229311861425,log_loss,15.0,10.0,200,3
309,0.8409229311861425,entropy,20.0,10.0,200,3
469,0.8409229311861425,log_loss,20.0,10.0,200,3
181,0.8409229311861425,entropy,,10.0,200,3
245,0.8409229311861425,entropy,10.0,10.0,200,3
277,0.8409229311861425,entropy,15.0,10.0,200,3
405,0.8409229311861425,log_loss,10.0,10.0,200,3
1105,0.8408552676094458,gini,20.0,9.0,200,10
977,0.8408552676094458,gini,,9.0,200,10
1073,0.8408552676094458,gini,15.0,9.0,200,10
1041,0.8408552676094458,gini,10.0,9.0,200,10
148,0.8407876040327492,gini,20.0,10.0,150,3
54,0.8407876040327492,gini,5.0,10.0,300,3
375,0.8407876040327492,log_loss,5.0,10.0,400,3
116,0.8407876040327492,gini,15.0,10.0,150,3
1013,0.8407876040327492,gini,5.0,10.0,200,10
84,0.8407876040327492,gini,10.0,10.0,150,3
20,0.8407876040327492,gini,,10.0,150,3
215,0.8407876040327492,entropy,5.0,10.0,400,3
1074,0.8407199404560525,gini,15.0,9.0,300,10
19,0.8407199404560525,gini,,9.0,400,3
500,0.8407199404560525,gini,,10.0,150,5
147,0.8407199404560525,gini,20.0,9.0,400,3
564,0.8407199404560525,gini,10.0,10.0,150,5
596,0.8407199404560525,gini,15.0,10.0,150,5
1106,0.8407199404560525,gini,20.0,9.0,300,10
628,0.8407199404560525,gini,20.0,10.0,150,5
978,0.8407199404560525,gini,,9.0,300,10
83,0.8407199404560525,gini,10.0,9.0,400,3
115,0.8407199404560525,gini,15.0,9.0,400,3
1042,0.8407199404560525,gini,10.0,9.0,300,10
1394,0.8406522768793558,log_loss,15.0,9.0,300,10
53,0.8406522768793558,gini,5.0,10.0,200,3
1362,0.8406522768793558,log_loss,10.0,9.0,300,10
1266,0.8406522768793558,entropy,20.0,9.0,300,10
1426,0.8406522768793558,log_loss,20.0,9.0,300,10
1298,0.8406522768793558,log_loss,,9.0,300,10
1202,0.8406522768793558,entropy,10.0,9.0,300,10
1234,0.8406522768793558,entropy,15.0,9.0,300,10
1138,0.8406522768793558,entropy,,9.0,300,10
406,0.8405846133026592,log_loss,10.0,10.0,300,3
182,0.8405846133026592,entropy,,10.0,300,3
626,0.8405846133026592,gini,20.0,9.0,300,5
310,0.8405846133026592,entropy,20.0,10.0,300,3
1203,0.8405846133026592,entropy,10.0,9.0,400,10
562,0.8405846133026592,gini,10.0,9.0,300,5
1299,0.8405846133026592,log_loss,,9.0,400,10
278,0.8405846133026592,entropy,15.0,10.0,300,3
246,0.8405846133026592,entropy,10.0,10.0,300,3
470,0.8405846133026592,log_loss,20.0,10.0,300,3
1395,0.8405846133026592,log_loss,15.0,9.0,400,10
498,0.8405846133026592,gini,,9.0,300,5
1267,0.8405846133026592,entropy,20.0,9.0,400,10
594,0.8405846133026592,gini,15.0,9.0,300,5
342,0.8405846133026592,log_loss,,10.0,300,3
1363,0.8405846133026592,log_loss,10.0,9.0,400,10
1139,0.8405846133026592,entropy,,9.0,400,10
438,0.8405846133026592,log_loss,15.0,10.0,300,3
1427,0.8405846133026592,log_loss,20.0,9.0,400,10
1235,0.8405846133026592,entropy,15.0,9.0,400,10
340,0.8405169497259625,log_loss,,10.0,150,3
374,0.8405169497259625,log_loss,5.0,10.0,300,3
1331,0.8405169497259625,log_loss,5.0,9.0,400,10
180,0.8405169497259625,entropy,,10.0,150,3
1328,0.8405169497259625,log_loss,5.0,9.0,150,10
436,0.8405169497259625,log_loss,15.0,10.0,150,3
52,0.8405169497259625,gini,5.0,10.0,150,3
1171,0.8405169497259625,entropy,5.0,9.0,400,10
276,0.8405169497259625,entropy,15.0,10.0,150,3
468,0.8405169497259625,log_loss,20.0,10.0,150,3
214,0.8405169497259625,entropy,5.0,10.0,300,3
1168,0.8405169497259625,entropy,5.0,9.0,150,10
308,0.8405169497259625,entropy,20.0,10.0,150,3
244,0.8405169497259625,entropy,10.0,10.0,150,3
404,0.8405169497259625,log_loss,10.0,10.0,150,3
279,0.8404492861492658,entropy,15.0,10.0,400,3
1200,0.8404492861492658,entropy,10.0,9.0,150,10
471,0.8404492861492658,log_loss,20.0,10.0,400,3
1232,0.8404492861492658,entropy,15.0,9.0,150,10
1424,0.8404492861492658,log_loss,20.0,9.0,150,10
1264,0.8404492861492658,entropy,20.0,9.0,150,10
1392,0.8404492861492658,log_loss,15.0,9.0,150,10
247,0.8404492861492658,entropy,10.0,10.0,400,3
343,0.8404492861492658,log_loss,,10.0,400,3
1360,0.8404492861492658,log_loss,10.0,9.0,150,10
1136,0.8404492861492658,entropy,,9.0,150,10
311,0.8404492861492658,entropy,20.0,10.0,400,3
407,0.8404492861492658,log_loss,10.0,10.0,400,3
1296,0.8404492861492658,log_loss,,9.0,150,10
439,0.8404492861492658,log_loss,15.0,10.0,400,3
183,0.8404492861492658,entropy,,10.0,400,3
114,0.8403816225725692,gini,15.0,9.0,300,3
595,0.8403816225725692,gini,15.0,9.0,400,5
563,0.8403816225725692,gini,10.0,9.0,400,5
627,0.8403816225725692,gini,20.0,9.0,400,5
146,0.8403816225725692,gini,20.0,9.0,300,3
82,0.8403816225725692,gini,10.0,9.0,300,3
1012,0.8403816225725692,gini,5.0,10.0,150,10
18,0.8403816225725692,gini,,9.0,300,3
499,0.8403816225725692,gini,,9.0,400,5
1297,0.8403139589958725,log_loss,,9.0,200,10
497,0.8403139589958725,gini,,9.0,200,5
561,0.8403139589958725,gini,10.0,9.0,200,5
722,0.8403139589958725,entropy,10.0,9.0,300,5
1425,0.8403139589958725,log_loss,20.0,9.0,200,10
1137,0.8403139589958725,entropy,,9.0,200,10
1393,0.8403139589958725,log_loss,15.0,9.0,200,10
1170,0.8403139589958725,entropy,5.0,9.0,300,10
593,0.8403139589958725,gini,15.0,9.0,200,5
786,0.8403139589958725,entropy,20.0,9.0,300,5
625,0.8403139589958725,gini,20.0,9.0,200,5
1233,0.8403139589958725,entropy,15.0,9.0,200,10
818,0.8403139589958725,log_loss,,9.0,300,5
1265,0.8403139589958725,entropy,20.0,9.0,200,10
533,0.8403139589958725,gini,5.0,10.0,200,5
1361,0.8403139589958725,log_loss,10.0,9.0,200,10
1201,0.8403139589958725,entropy,10.0,9.0,200,10
882,0.8403139589958725,log_loss,10.0,9.0,300,5
914,0.8403139589958725,log_loss,15.0,9.0,300,5
946,0.8403139589958725,log_loss,20.0,9.0,300,5
658,0.8403139589958725,entropy,,9.0,300,5
754,0.8403139589958725,entropy,15.0,9.0,300,5
1330,0.8403139589958725,log_loss,5.0,9.0,300,10
51,0.8401109682657826,gini,5.0,9.0,400,3
531,0.8401109682657826,gini,5.0,9.0,400,5
819,0.8400433046890858,log_loss,,9.0,400,5
1169,0.8400433046890858,entropy,5.0,9.0,200,10
915,0.8400433046890858,log_loss,15.0,9.0,400,5
787,0.8400433046890858,entropy,20.0,9.0,400,5
1329,0.8400433046890858,log_loss,5.0,9.0,200,10
723,0.8400433046890858,entropy,10.0,9.0,400,5
755,0.8400433046890858,entropy,15.0,9.0,400,5
947,0.8400433046890858,log_loss,20.0,9.0,400,5
883,0.8400433046890858,log_loss,10.0,9.0,400,5
659,0.8400433046890858,entropy,,9.0,400,5
530,0.8399756411123892,gini,5.0,9.0,300,5
850,0.8399079775356926,log_loss,5.0,9.0,300,5
17,0.8399079775356926,gini,,9.0,200,3
145,0.8399079775356926,gini,20.0,9.0,200,3
81,0.8399079775356926,gini,10.0,9.0,200,3
691,0.8399079775356926,entropy,5.0,9.0,400,5
690,0.8399079775356926,entropy,5.0,9.0,300,5
113,0.8399079775356926,gini,15.0,9.0,200,3
851,0.8399079775356926,log_loss,5.0,9.0,400,5
560,0.8397726503822992,gini,10.0,9.0,150,5
592,0.8397726503822992,gini,15.0,9.0,150,5
624,0.8397726503822992,gini,20.0,9.0,150,5
496,0.8397726503822992,gini,,9.0,150,5
16,0.8397049868056026,gini,,9.0,150,3
1039,0.8397049868056026,gini,10.0,8.0,400,10
80,0.8397049868056026,gini,10.0,9.0,150,3
112,0.8397049868056026,gini,15.0,9.0,150,3
1071,0.8397049868056026,gini,15.0,8.0,400,10
1103,0.8397049868056026,gini,20.0,8.0,400,10
144,0.8397049868056026,gini,20.0,9.0,150,3
975,0.8397049868056026,gini,,8.0,400,10
50,0.8397049868056026,gini,5.0,9.0,300,3
912,0.8396373232289058,log_loss,15.0,9.0,150,5
913,0.8396373232289058,log_loss,15.0,9.0,200,5
881,0.8396373232289058,log_loss,10.0,9.0,200,5
720,0.8396373232289058,entropy,10.0,9.0,150,5
817,0.8396373232289058,log_loss,,9.0,200,5
752,0.8396373232289058,entropy,15.0,9.0,150,5
656,0.8396373232289058,entropy,,9.0,150,5
657,0.8396373232289058,entropy,,9.0,200,5
816,0.8396373232289058,log_loss,,9.0,150,5
721,0.8396373232289058,entropy,10.0,9.0,200,5
880,0.8396373232289058,log_loss,10.0,9.0,150,5
753,0.8396373232289058,entropy,15.0,9.0,200,5
944,0.8396373232289058,log_loss,20.0,9.0,150,5
785,0.8396373232289058,entropy,20.0,9.0,200,5
784,0.8396373232289058,entropy,20.0,9.0,150,5
945,0.8396373232289058,log_loss,20.0,9.0,200,5
1010,0.8395019960755126,gini,5.0,9.0,300,10
689,0.8394343324988159,entropy,5.0,9.0,200,5
848,0.8394343324988159,log_loss,5.0,9.0,150,5
688,0.8394343324988159,entropy,5.0,9.0,150,5
623,0.8394343324988159,gini,20.0,8.0,400,5
591,0.8394343324988159,gini,15.0,8.0,400,5
559,0.8394343324988159,gini,10.0,8.0,400,5
495,0.8394343324988159,gini,,8.0,400,5
849,0.8394343324988159,log_loss,5.0,9.0,200,5
1040,0.8393666689221192,gini,10.0,9.0,150,10
976,0.8393666689221192,gini,,9.0,150,10
1072,0.8393666689221192,gini,15.0,9.0,150,10
1104,0.8393666689221192,gini,20.0,9.0,150,10
532,0.8393666689221192,gini,5.0,10.0,150,5
307,0.8392990053454226,entropy,20.0,9.0,400,3
401,0.8392990053454226,log_loss,10.0,9.0,200,3
465,0.8392990053454226,log_loss,20.0,9.0,200,3
339,0.8392990053454226,log_loss,,9.0,400,3
403,0.8392990053454226,log_loss,10.0,9.0,400,3
337,0.8392990053454226,log_loss,,9.0,200,3
241,0.8392990053454226,entropy,10.0,9.0,200,3
433,0.8392990053454226,log_loss,15.0,9.0,200,3
177,0.8392990053454226,entropy,,9.0,200,3
243,0.8392990053454226,entropy,10.0,9.0,400,3
179,0.8392990053454226,entropy,,9.0,400,3
435,0.8392990053454226,log_loss,15.0,9.0,400,3
275,0.8392990053454226,entropy,15.0,9.0,400,3
305,0.8392990053454226,entropy,20.0,9.0,200,3
467,0.8392990053454226,log_loss,20.0,9.0,400,3
273,0.8392990053454226,entropy,15.0,9.0,200,3
1009,0.8391636781920292,gini,5.0,9.0,200,10
79,0.8390960146153326,gini,10.0,8.0,400,3
143,0.8390960146153326,gini,20.0,8.0,400,3
49,0.8390960146153326,gini,5.0,9.0,200,3
15,0.8390960146153326,gini,,8.0,400,3
111,0.8390960146153326,gini,15.0,8.0,400,3
466,0.8390283510386359,log_loss,20.0,9.0,300,3
338,0.8390283510386359,log_loss,,9.0,300,3
306,0.8390283510386359,entropy,20.0,9.0,300,3
402,0.8390283510386359,log_loss,10.0,9.0,300,3
242,0.8390283510386359,entropy,10.0,9.0,300,3
210,0.8390283510386359,entropy,5.0,9.0,300,3
178,0.8390283510386359,entropy,,9.0,300,3
274,0.8390283510386359,entropy,15.0,9.0,300,3
434,0.8390283510386359,log_loss,15.0,9.0,300,3
370,0.8390283510386359,log_loss,5.0,9.0,300,3
211,0.8389606874619392,entropy,5.0,9.0,400,3
371,0.8389606874619392,log_loss,5.0,9.0,400,3
1070,0.8388930238852426,gini,15.0,8.0,300,10
1038,0.8388930238852426,gini,10.0,8.0,300,10
527,0.8388930238852426,gini,5.0,8.0,400,5
1102,0.8388930238852426,gini,20.0,8.0,300,10
974,0.8388930238852426,gini,,8.0,300,10
209,0.8388253603085459,entropy,5.0,9.0,200,3
369,0.8388253603085459,log_loss,5.0,9.0,200,3
1007,0.8388253603085459,gini,5.0,8.0,400,10
529,0.8387576967318493,gini,5.0,9.0,200,5
48,0.8386900331551526,gini,5.0,9.0,150,3
14,0.8386223695784559,gini,,8.0,300,3
78,0.8386223695784559,gini,10.0,8.0,300,3
110,0.8386223695784559,gini,15.0,8.0,300,3
142,0.8386223695784559,gini,20.0,8.0,300,3
557,0.8385547060017593,gini,10.0,8.0,200,5
590,0.8385547060017593,gini,15.0,8.0,300,5
621,0.8385547060017593,gini,20.0,8.0,200,5
558,0.8385547060017593,gini,10.0,8.0,300,5
589,0.8385547060017593,gini,15.0,8.0,200,5
493,0.8385547060017593,gini,,8.0,200,5
494,0.8385547060017593,gini,,8.0,300,5
622,0.8385547060017593,gini,20.0,8.0,300,5
1420,0.8384193788483659,log_loss,20.0,8.0,150,10
47,0.8384193788483659,gini,5.0,8.0,400,3
1292,0.8384193788483659,log_loss,,8.0,150,10
1228,0.8384193788483659,entropy,15.0,8.0,150,10
1196,0.8384193788483659,entropy,10.0,8.0,150,10
1260,0.8384193788483659,entropy,20.0,8.0,150,10
1356,0.8384193788483659,log_loss,10.0,8.0,150,10
1132,0.8384193788483659,entropy,,8.0,150,10
1388,0.8384193788483659,log_loss,15.0,8.0,150,10
1390,0.8383517152716693,log_loss,15.0,8.0,300,10
208,0.8383517152716693,entropy,5.0,9.0,150,3
1198,0.8383517152716693,entropy,10.0,8.0,300,10
1294,0.8383517152716693,log_loss,,8.0,300,10
1422,0.8383517152716693,log_loss,20.0,8.0,300,10
1262,0.8383517152716693,entropy,20.0,8.0,300,10
1134,0.8383517152716693,entropy,,8.0,300,10
1358,0.8383517152716693,log_loss,10.0,8.0,300,10
1230,0.8383517152716693,entropy,15.0,8.0,300,10
368,0.8383517152716693,log_loss,5.0,9.0,150,3
1008,0.8383517152716693,gini,5.0,9.0,150,10
556,0.8382840516949726,gini,10.0,8.0,150,5
588,0.8382840516949726,gini,15.0,8.0,150,5
492,0.8382840516949726,gini,,8.0,150,5
46,0.8382840516949726,gini,5.0,8.0,300,3
620,0.8382840516949726,gini,20.0,8.0,150,5
528,0.8382163881182759,gini,5.0,9.0,150,5
814,0.8380810609648826,log_loss,,8.0,300,5
878,0.8380810609648826,log_loss,10.0,8.0,300,5
176,0.8380810609648826,entropy,,9.0,150,3
464,0.8380810609648826,log_loss,20.0,9.0,150,3
815,0.8380810609648826,log_loss,,8.0,400,5
719,0.8380810609648826,entropy,10.0,8.0,400,5
718,0.8380810609648826,entropy,10.0,8.0,300,5
911,0.8380810609648826,log_loss,15.0,8.0,400,5
910,0.8380810609648826,log_loss,15.0,8.0,300,5
654,0.8380810609648826,entropy,,8.0,300,5
304,0.8380810609648826,entropy,20.0,9.0,150,3
272,0.8380810609648826,entropy,15.0,9.0,150,3
655,0.8380810609648826,entropy,,8.0,400,5
879,0.8380810609648826,log_loss,10.0,8.0,400,5
942,0.8380810609648826,log_loss,20.0,8.0,300,5
432,0.8380810609648826,log_loss,15.0,9.0,150,3
782,0.8380810609648826,entropy,20.0,8.0,300,5
943,0.8380810609648826,log_loss,20.0,8.0,400,5
400,0.8380810609648826,log_loss,10.0,9.0,150,3
240,0.8380810609648826,entropy,10.0,9.0,150,3
336,0.8380810609648826,log_loss,,9.0,150,3
783,0.8380810609648826,entropy,20.0,8.0,400,5
751,0.8380810609648826,entropy,15.0,8.0,400,5
750,0.8380810609648826,entropy,15.0,8.0,300,5
76,0.8380133973881859,gini,10.0,8.0,150,3
140,0.8380133973881859,gini,20.0,8.0,150,3
12,0.8380133973881859,gini,,8.0,150,3
108,0.8380133973881859,gini,15.0,8.0,150,3
1006,0.8379457338114893,gini,5.0,8.0,300,10
526,0.8378780702347927,gini,5.0,8.0,300,5
141,0.8377427430813993,gini,20.0,8.0,200,3
1359,0.8377427430813993,log_loss,10.0,8.0,400,10
1423,0.8377427430813993,log_loss,20.0,8.0,400,10
109,0.8377427430813993,gini,15.0,8.0,200,3
1037,0.8377427430813993,gini,10.0,8.0,200,10
1231,0.8377427430813993,entropy,15.0,8.0,400,10
1199,0.8377427430813993,entropy,10.0,8.0,400,10
13,0.8377427430813993,gini,,8.0,200,3
1135,0.8377427430813993,entropy,,8.0,400,10
973,0.8377427430813993,gini,,8.0,200,10
77,0.8377427430813993,gini,10.0,8.0,200,3
1263,0.8377427430813993,entropy,20.0,8.0,400,10
1101,0.8377427430813993,gini,20.0,8.0,200,10
1295,0.8377427430813993,log_loss,,8.0,400,10
1069,0.8377427430813993,gini,15.0,8.0,200,10
1391,0.8377427430813993,log_loss,15.0,8.0,400,10
780,0.8376750795047027,entropy,20.0,8.0,150,5
652,0.8376750795047027,entropy,,8.0,150,5
908,0.8376750795047027,log_loss,15.0,8.0,150,5
748,0.8376750795047027,entropy,15.0,8.0,150,5
716,0.8376750795047027,entropy,10.0,8.0,150,5
812,0.8376750795047027,log_loss,,8.0,150,5
940,0.8376750795047027,log_loss,20.0,8.0,150,5
876,0.8376750795047027,log_loss,10.0,8.0,150,5
44,0.8376074159280059,gini,5.0,8.0,150,3
1326,0.8372690980445227,log_loss,5.0,8.0,300,10
1166,0.8372690980445227,entropy,5.0,8.0,300,10
45,0.8372690980445227,gini,5.0,8.0,200,3
173,0.837201434467826,entropy,,8.0,200,3
269,0.837201434467826,entropy,15.0,8.0,200,3
237,0.837201434467826,entropy,10.0,8.0,200,3
301,0.837201434467826,entropy,20.0,8.0,200,3
397,0.837201434467826,log_loss,10.0,8.0,200,3
333,0.837201434467826,log_loss,,8.0,200,3
429,0.837201434467826,log_loss,15.0,8.0,200,3
461,0.837201434467826,log_loss,20.0,8.0,200,3
174,0.8371337708911293,entropy,,8.0,300,3
462,0.8371337708911293,log_loss,20.0,8.0,300,3
334,0.8371337708911293,log_loss,,8.0,300,3
238,0.8371337708911293,entropy,10.0,8.0,300,3
398,0.8371337708911293,log_loss,10.0,8.0,300,3
430,0.8371337708911293,log_loss,15.0,8.0,300,3
302,0.8371337708911293,entropy,20.0,8.0,300,3
270,0.8371337708911293,entropy,15.0,8.0,300,3
686,0.8370661073144327,entropy,5.0,8.0,300,5
846,0.8370661073144327,log_loss,5.0,8.0,300,5
525,0.836998443737736,gini,5.0,8.0,200,5
1293,0.8369307801610393,log_loss,,8.0,200,10
1421,0.8369307801610393,log_loss,20.0,8.0,200,10
1133,0.8369307801610393,entropy,,8.0,200,10
1389,0.8369307801610393,log_loss,15.0,8.0,200,10
1197,0.8369307801610393,entropy,10.0,8.0,200,10
1229,0.8369307801610393,entropy,15.0,8.0,200,10
1261,0.8369307801610393,entropy,20.0,8.0,200,10
1357,0.8369307801610393,log_loss,10.0,8.0,200,10
877,0.8368631165843426,log_loss,10.0,8.0,200,5
781,0.8368631165843426,entropy,20.0,8.0,200,5
1068,0.8368631165843426,gini,15.0,8.0,150,10
717,0.8368631165843426,entropy,10.0,8.0,200,5
813,0.8368631165843426,log_loss,,8.0,200,5
909,0.8368631165843426,log_loss,15.0,8.0,200,5
1100,0.8368631165843426,gini,20.0,8.0,150,10
653,0.8368631165843426,entropy,,8.0,200,5
1036,0.8368631165843426,gini,10.0,8.0,150,10
941,0.8368631165843426,log_loss,20.0,8.0,200,5
749,0.8368631165843426,entropy,15.0,8.0,200,5
972,0.8368631165843426,gini,,8.0,150,10
428,0.836795453007646,log_loss,15.0,8.0,150,3
300,0.836795453007646,entropy,20.0,8.0,150,3
268,0.836795453007646,entropy,15.0,8.0,150,3
172,0.836795453007646,entropy,,8.0,150,3
460,0.836795453007646,log_loss,20.0,8.0,150,3
396,0.836795453007646,log_loss,10.0,8.0,150,3
236,0.836795453007646,entropy,10.0,8.0,150,3
332,0.836795453007646,log_loss,,8.0,150,3
687,0.8367277894309493,entropy,5.0,8.0,400,5
847,0.8367277894309493,log_loss,5.0,8.0,400,5
239,0.8366601258542526,entropy,10.0,8.0,400,3
271,0.8366601258542526,entropy,15.0,8.0,400,3
463,0.8366601258542526,log_loss,20.0,8.0,400,3
399,0.8366601258542526,log_loss,10.0,8.0,400,3
335,0.8366601258542526,log_loss,,8.0,400,3
524,0.8366601258542526,gini,5.0,8.0,150,5
431,0.8366601258542526,log_loss,15.0,8.0,400,3
303,0.8366601258542526,entropy,20.0,8.0,400,3
175,0.8366601258542526,entropy,,8.0,400,3
1327,0.836592462277556,log_loss,5.0,8.0,400,10
1167,0.836592462277556,entropy,5.0,8.0,400,10
1325,0.836389471547466,log_loss,5.0,8.0,200,10
685,0.836389471547466,entropy,5.0,8.0,200,5
206,0.836389471547466,entropy,5.0,8.0,300,3
1165,0.836389471547466,entropy,5.0,8.0,200,10
366,0.836389471547466,log_loss,5.0,8.0,300,3
845,0.836389471547466,log_loss,5.0,8.0,200,5
1005,0.8363218079707694,gini,5.0,8.0,200,10
684,0.8362541443940726,entropy,5.0,8.0,150,5
844,0.8362541443940726,log_loss,5.0,8.0,150,5
1324,0.8362541443940726,log_loss,5.0,8.0,150,10
1164,0.8362541443940726,entropy,5.0,8.0,150,10
1004,0.8362541443940726,gini,5.0,8.0,150,10
205,0.836186480817376,entropy,5.0,8.0,200,3
365,0.836186480817376,log_loss,5.0,8.0,200,3
1099,0.8361188172406794,gini,20.0,7.0,400,10
619,0.8361188172406794,gini,20.0,7.0,400,5
491,0.8361188172406794,gini,,7.0,400,5
587,0.8361188172406794,gini,15.0,7.0,400,5
555,0.8361188172406794,gini,10.0,7.0,400,5
971,0.8361188172406794,gini,,7.0,400,10
1067,0.8361188172406794,gini,15.0,7.0,400,10
1035,0.8361188172406794,gini,10.0,7.0,400,10
618,0.8360511536639826,gini,20.0,7.0,300,5
586,0.8360511536639826,gini,15.0,7.0,300,5
554,0.8360511536639826,gini,10.0,7.0,300,5
490,0.8360511536639826,gini,,7.0,300,5
364,0.835780499357196,log_loss,5.0,8.0,150,3
204,0.835780499357196,entropy,5.0,8.0,150,3
207,0.8357128357804994,entropy,5.0,8.0,400,3
367,0.8357128357804994,log_loss,5.0,8.0,400,3
1003,0.8354421814737127,gini,5.0,7.0,400,10
523,0.8354421814737127,gini,5.0,7.0,400,5
1034,0.835374517897016,gini,10.0,7.0,300,10
970,0.835374517897016,gini,,7.0,300,10
1066,0.835374517897016,gini,15.0,7.0,300,10
1098,0.835374517897016,gini,20.0,7.0,300,10
138,0.8352391907436227,gini,20.0,7.0,300,3
74,0.8352391907436227,gini,10.0,7.0,300,3
106,0.8352391907436227,gini,15.0,7.0,300,3
10,0.8352391907436227,gini,,7.0,300,3
1002,0.8351038635902294,gini,5.0,7.0,300,10
139,0.8350362000135327,gini,20.0,7.0,400,3
11,0.8350362000135327,gini,,7.0,400,3
75,0.8350362000135327,gini,10.0,7.0,400,3
522,0.8350362000135327,gini,5.0,7.0,300,5
107,0.8350362000135327,gini,15.0,7.0,400,3
43,0.8349008728601394,gini,5.0,7.0,400,3
552,0.8345625549766561,gini,10.0,7.0,150,5
584,0.8345625549766561,gini,15.0,7.0,150,5
616,0.8345625549766561,gini,20.0,7.0,150,5
488,0.8345625549766561,gini,,7.0,150,5
9,0.8343595642465661,gini,,7.0,200,3
969,0.8343595642465661,gini,,7.0,200,10
137,0.8343595642465661,gini,20.0,7.0,200,3
1033,0.8343595642465661,gini,10.0,7.0,200,10
105,0.8343595642465661,gini,15.0,7.0,200,3
1065,0.8343595642465661,gini,15.0,7.0,200,10
1097,0.8343595642465661,gini,20.0,7.0,200,10
73,0.8343595642465661,gini,10.0,7.0,200,3
42,0.8342919006698694,gini,5.0,7.0,300,3
521,0.8341565735164761,gini,5.0,7.0,200,5
553,0.8340889099397795,gini,10.0,7.0,200,5
1355,0.8340889099397795,log_loss,10.0,7.0,400,10
1419,0.8340889099397795,log_loss,20.0,7.0,400,10
489,0.8340889099397795,gini,,7.0,200,5
617,0.8340889099397795,gini,20.0,7.0,200,5
1386,0.8340889099397795,log_loss,15.0,7.0,300,10
585,0.8340889099397795,gini,15.0,7.0,200,5
1387,0.8340889099397795,log_loss,15.0,7.0,400,10
1258,0.8340889099397795,entropy,20.0,7.0,300,10
1259,0.8340889099397795,entropy,20.0,7.0,400,10
1194,0.8340889099397795,entropy,10.0,7.0,300,10
1130,0.8340889099397795,entropy,,7.0,300,10
1354,0.8340889099397795,log_loss,10.0,7.0,300,10
1226,0.8340889099397795,entropy,15.0,7.0,300,10
1131,0.8340889099397795,entropy,,7.0,400,10
1227,0.8340889099397795,entropy,15.0,7.0,400,10
1418,0.8340889099397795,log_loss,20.0,7.0,300,10
1000,0.8340889099397795,gini,5.0,7.0,150,10
1290,0.8340889099397795,log_loss,,7.0,300,10
1291,0.8340889099397795,log_loss,,7.0,400,10
1195,0.8340889099397795,entropy,10.0,7.0,400,10
1162,0.8339535827863861,entropy,5.0,7.0,300,10
1322,0.8339535827863861,log_loss,5.0,7.0,300,10
1163,0.8338859192096895,entropy,5.0,7.0,400,10
1032,0.8338859192096895,gini,10.0,7.0,150,10
968,0.8338859192096895,gini,,7.0,150,10
520,0.8338859192096895,gini,5.0,7.0,150,5
1064,0.8338859192096895,gini,15.0,7.0,150,10
1096,0.8338859192096895,gini,20.0,7.0,150,10
1323,0.8338859192096895,log_loss,5.0,7.0,400,10
651,0.8338182556329927,entropy,,7.0,400,5
907,0.8338182556329927,log_loss,15.0,7.0,400,5
811,0.8338182556329927,log_loss,,7.0,400,5
779,0.8338182556329927,entropy,20.0,7.0,400,5
939,0.8338182556329927,log_loss,20.0,7.0,400,5
715,0.8338182556329927,entropy,10.0,7.0,400,5
747,0.8338182556329927,entropy,15.0,7.0,400,5
875,0.8338182556329927,log_loss,10.0,7.0,400,5
1321,0.8337505920562961,log_loss,5.0,7.0,200,10
1161,0.8337505920562961,entropy,5.0,7.0,200,10
843,0.8337505920562961,log_loss,5.0,7.0,400,5
683,0.8337505920562961,entropy,5.0,7.0,400,5
72,0.8336829284795995,gini,10.0,7.0,150,3
8,0.8336829284795995,gini,,7.0,150,3
136,0.8336829284795995,gini,20.0,7.0,150,3
104,0.8336829284795995,gini,15.0,7.0,150,3
1001,0.8334799377495095,gini,5.0,7.0,200,10
203,0.8332769470194195,entropy,5.0,7.0,400,3
41,0.8332769470194195,gini,5.0,7.0,200,3
363,0.8332769470194195,log_loss,5.0,7.0,400,3
331,0.8332092834427228,log_loss,,7.0,400,3
459,0.8332092834427228,log_loss,20.0,7.0,400,3
171,0.8332092834427228,entropy,,7.0,400,3
427,0.8332092834427228,log_loss,15.0,7.0,400,3
395,0.8332092834427228,log_loss,10.0,7.0,400,3
299,0.8332092834427228,entropy,20.0,7.0,400,3
235,0.8332092834427228,entropy,10.0,7.0,400,3
267,0.8332092834427228,entropy,15.0,7.0,400,3
1224,0.8330739562893295,entropy,15.0,7.0,150,10
1288,0.8330739562893295,log_loss,,7.0,150,10
40,0.8330739562893295,gini,5.0,7.0,150,3
1384,0.8330739562893295,log_loss,15.0,7.0,150,10
1352,0.8330739562893295,log_loss,10.0,7.0,150,10
1256,0.8330739562893295,entropy,20.0,7.0,150,10
1128,0.8330739562893295,entropy,,7.0,150,10
1192,0.8330739562893295,entropy,10.0,7.0,150,10
1416,0.8330739562893295,log_loss,20.0,7.0,150,10
1417,0.8330062927126328,log_loss,20.0,7.0,200,10
1225,0.8330062927126328,entropy,15.0,7.0,200,10
1257,0.8330062927126328,entropy,20.0,7.0,200,10
1129,0.8330062927126328,entropy,,7.0,200,10
1385,0.8330062927126328,log_loss,15.0,7.0,200,10
1289,0.8330062927126328,log_loss,,7.0,200,10
1193,0.8330062927126328,entropy,10.0,7.0,200,10
1353,0.8330062927126328,log_loss,10.0,7.0,200,10
266,0.8329386291359361,entropy,15.0,7.0,300,3
426,0.8329386291359361,log_loss,15.0,7.0,300,3
330,0.8329386291359361,log_loss,,7.0,300,3
298,0.8329386291359361,entropy,20.0,7.0,300,3
394,0.8329386291359361,log_loss,10.0,7.0,300,3
458,0.8329386291359361,log_loss,20.0,7.0,300,3
234,0.8329386291359361,entropy,10.0,7.0,300,3
170,0.8329386291359361,entropy,,7.0,300,3
778,0.8328709655592395,entropy,20.0,7.0,300,5
202,0.8328709655592395,entropy,5.0,7.0,300,3
362,0.8328709655592395,log_loss,5.0,7.0,300,3
650,0.8328709655592395,entropy,,7.0,300,5
906,0.8328709655592395,log_loss,15.0,7.0,300,5
746,0.8328709655592395,entropy,15.0,7.0,300,5
810,0.8328709655592395,log_loss,,7.0,300,5
938,0.8328709655592395,log_loss,20.0,7.0,300,5
874,0.8328709655592395,log_loss,10.0,7.0,300,5
714,0.8328709655592395,entropy,10.0,7.0,300,5
873,0.8326003112524528,log_loss,10.0,7.0,200,5
745,0.8326003112524528,entropy,15.0,7.0,200,5
681,0.8326003112524528,entropy,5.0,7.0,200,5
649,0.8326003112524528,entropy,,7.0,200,5
713,0.8326003112524528,entropy,10.0,7.0,200,5
905,0.8326003112524528,log_loss,15.0,7.0,200,5
841,0.8326003112524528,log_loss,5.0,7.0,200,5
809,0.8326003112524528,log_loss,,7.0,200,5
777,0.8326003112524528,entropy,20.0,7.0,200,5
937,0.8326003112524528,log_loss,20.0,7.0,200,5
551,0.8325326476757562,gini,10.0,6.0,400,5
583,0.8325326476757562,gini,15.0,6.0,400,5
487,0.8325326476757562,gini,,6.0,400,5
615,0.8325326476757562,gini,20.0,6.0,400,5
519,0.8325326476757562,gini,5.0,6.0,400,5
682,0.8324649840990594,entropy,5.0,7.0,300,5
842,0.8324649840990594,log_loss,5.0,7.0,300,5
297,0.8323973205223628,entropy,20.0,7.0,200,3
265,0.8323973205223628,entropy,15.0,7.0,200,3
393,0.8323973205223628,log_loss,10.0,7.0,200,3
425,0.8323973205223628,log_loss,15.0,7.0,200,3
329,0.8323973205223628,log_loss,,7.0,200,3
233,0.8323973205223628,entropy,10.0,7.0,200,3
457,0.8323973205223628,log_loss,20.0,7.0,200,3
169,0.8323973205223628,entropy,,7.0,200,3
1320,0.8322619933689694,log_loss,5.0,7.0,150,10
1160,0.8322619933689694,entropy,5.0,7.0,150,10
486,0.8321943297922728,gini,,6.0,300,5
550,0.8321943297922728,gini,10.0,6.0,300,5
518,0.8321943297922728,gini,5.0,6.0,300,5
582,0.8321943297922728,gini,15.0,6.0,300,5
614,0.8321943297922728,gini,20.0,6.0,300,5
361,0.8321266662155762,log_loss,5.0,7.0,200,3
201,0.8321266662155762,entropy,5.0,7.0,200,3
1095,0.8320590026388794,gini,20.0,6.0,400,10
999,0.8320590026388794,gini,5.0,6.0,400,10
1063,0.8320590026388794,gini,15.0,6.0,400,10
967,0.8320590026388794,gini,,6.0,400,10
1031,0.8320590026388794,gini,10.0,6.0,400,10
71,0.8317206847553962,gini,10.0,6.0,400,3
7,0.8317206847553962,gini,,6.0,400,3
135,0.8317206847553962,gini,20.0,6.0,400,3
39,0.8317206847553962,gini,5.0,6.0,400,3
103,0.8317206847553962,gini,15.0,6.0,400,3
744,0.8316530211786995,entropy,15.0,7.0,150,5
517,0.8316530211786995,gini,5.0,6.0,200,5
712,0.8316530211786995,entropy,10.0,7.0,150,5
581,0.8316530211786995,gini,15.0,6.0,200,5
872,0.8316530211786995,log_loss,10.0,7.0,150,5
808,0.8316530211786995,log_loss,,7.0,150,5
776,0.8316530211786995,entropy,20.0,7.0,150,5
648,0.8316530211786995,entropy,,7.0,150,5
936,0.8316530211786995,log_loss,20.0,7.0,150,5
613,0.8316530211786995,gini,20.0,6.0,200,5
549,0.8316530211786995,gini,10.0,6.0,200,5
904,0.8316530211786995,log_loss,15.0,7.0,150,5
485,0.8316530211786995,gini,,6.0,200,5
1030,0.8315853576020028,gini,10.0,6.0,300,10
1094,0.8315853576020028,gini,20.0,6.0,300,10
966,0.8315853576020028,gini,,6.0,300,10
1062,0.8315853576020028,gini,15.0,6.0,300,10
998,0.8315853576020028,gini,5.0,6.0,300,10
38,0.8314500304486095,gini,5.0,6.0,300,3
134,0.8314500304486095,gini,20.0,6.0,300,3
6,0.8314500304486095,gini,,6.0,300,3
102,0.8314500304486095,gini,15.0,6.0,300,3
70,0.8314500304486095,gini,10.0,6.0,300,3
296,0.8311793761418229,entropy,20.0,7.0,150,3
392,0.8311793761418229,log_loss,10.0,7.0,150,3
1127,0.8311793761418229,entropy,,6.0,400,10
424,0.8311793761418229,log_loss,15.0,7.0,150,3
1351,0.8311793761418229,log_loss,10.0,6.0,400,10
1383,0.8311793761418229,log_loss,15.0,6.0,400,10
328,0.8311793761418229,log_loss,,7.0,150,3
1255,0.8311793761418229,entropy,20.0,6.0,400,10
1191,0.8311793761418229,entropy,10.0,6.0,400,10
1223,0.8311793761418229,entropy,15.0,6.0,400,10
1159,0.8311793761418229,entropy,5.0,6.0,400,10
168,0.8311793761418229,entropy,,7.0,150,3
232,0.8311793761418229,entropy,10.0,7.0,150,3
1319,0.8311793761418229,log_loss,5.0,6.0,400,10
264,0.8311793761418229,entropy,15.0,7.0,150,3
1415,0.8311793761418229,log_loss,20.0,6.0,400,10
456,0.8311793761418229,log_loss,20.0,7.0,150,3
1287,0.8311793761418229,log_loss,,6.0,400,10
680,0.8309763854117329,entropy,5.0,7.0,150,5
840,0.8309763854117329,log_loss,5.0,7.0,150,5
200,0.8309763854117329,entropy,5.0,7.0,150,3
360,0.8309763854117329,log_loss,5.0,7.0,150,3
327,0.8308410582583395,log_loss,,6.0,400,3
167,0.8308410582583395,entropy,,6.0,400,3
263,0.8308410582583395,entropy,15.0,6.0,400,3
199,0.8308410582583395,entropy,5.0,6.0,400,3
359,0.8308410582583395,log_loss,5.0,6.0,400,3
231,0.8308410582583395,entropy,10.0,6.0,400,3
391,0.8308410582583395,log_loss,10.0,6.0,400,3
295,0.8308410582583395,entropy,20.0,6.0,400,3
423,0.8308410582583395,log_loss,15.0,6.0,400,3
455,0.8308410582583395,log_loss,20.0,6.0,400,3
1029,0.8307057311049462,gini,10.0,6.0,200,10
997,0.8307057311049462,gini,5.0,6.0,200,10
965,0.8307057311049462,gini,,6.0,200,10
1061,0.8307057311049462,gini,15.0,6.0,200,10
1093,0.8307057311049462,gini,20.0,6.0,200,10
1092,0.8304350767981595,gini,20.0,6.0,150,10
1060,0.8304350767981595,gini,15.0,6.0,150,10
612,0.8304350767981595,gini,20.0,6.0,150,5
1028,0.8304350767981595,gini,10.0,6.0,150,10
516,0.8304350767981595,gini,5.0,6.0,150,5
484,0.8304350767981595,gini,,6.0,150,5
580,0.8304350767981595,gini,15.0,6.0,150,5
964,0.8304350767981595,gini,,6.0,150,10
996,0.8304350767981595,gini,5.0,6.0,150,10
548,0.8304350767981595,gini,10.0,6.0,150,5
37,0.8300967589146763,gini,5.0,6.0,200,3
133,0.8300967589146763,gini,20.0,6.0,200,3
5,0.8300967589146763,gini,,6.0,200,3
101,0.8300967589146763,gini,15.0,6.0,200,3
69,0.8300967589146763,gini,10.0,6.0,200,3
775,0.8300290953379795,entropy,20.0,6.0,400,5
903,0.8300290953379795,log_loss,15.0,6.0,400,5
743,0.8300290953379795,entropy,15.0,6.0,400,5
807,0.8300290953379795,log_loss,,6.0,400,5
839,0.8300290953379795,log_loss,5.0,6.0,400,5
711,0.8300290953379795,entropy,10.0,6.0,400,5
647,0.8300290953379795,entropy,,6.0,400,5
935,0.8300290953379795,log_loss,20.0,6.0,400,5
871,0.8300290953379795,log_loss,10.0,6.0,400,5
679,0.8300290953379795,entropy,5.0,6.0,400,5
1286,0.8298937681845863,log_loss,,6.0,300,10
1318,0.8298937681845863,log_loss,5.0,6.0,300,10
1350,0.8298937681845863,log_loss,10.0,6.0,300,10
1190,0.8298937681845863,entropy,10.0,6.0,300,10
1158,0.8298937681845863,entropy,5.0,6.0,300,10
1222,0.8298937681845863,entropy,15.0,6.0,300,10
1254,0.8298937681845863,entropy,20.0,6.0,300,10
1414,0.8298937681845863,log_loss,20.0,6.0,300,10
1126,0.8298937681845863,entropy,,6.0,300,10
1382,0.8298937681845863,log_loss,15.0,6.0,300,10
1380,0.8296907774544963,log_loss,15.0,6.0,150,10
1252,0.8296907774544963,entropy,20.0,6.0,150,10
1220,0.8296907774544963,entropy,15.0,6.0,150,10
1124,0.8296907774544963,entropy,,6.0,150,10
1156,0.8296907774544963,entropy,5.0,6.0,150,10
1348,0.8296907774544963,log_loss,10.0,6.0,150,10
1412,0.8296907774544963,log_loss,20.0,6.0,150,10
1316,0.8296907774544963,log_loss,5.0,6.0,150,10
1188,0.8296907774544963,entropy,10.0,6.0,150,10
1284,0.8296907774544963,log_loss,,6.0,150,10
68,0.8296231138777996,gini,10.0,6.0,150,3
4,0.8296231138777996,gini,,6.0,150,3
100,0.8296231138777996,gini,15.0,6.0,150,3
36,0.8296231138777996,gini,5.0,6.0,150,3
132,0.8296231138777996,gini,20.0,6.0,150,3
1221,0.8292847959943163,entropy,15.0,6.0,200,10
1253,0.8292847959943163,entropy,20.0,6.0,200,10
1317,0.8292847959943163,log_loss,5.0,6.0,200,10
1285,0.8292847959943163,log_loss,,6.0,200,10
1189,0.8292847959943163,entropy,10.0,6.0,200,10
1413,0.8292847959943163,log_loss,20.0,6.0,200,10
1125,0.8292847959943163,entropy,,6.0,200,10
1349,0.8292847959943163,log_loss,10.0,6.0,200,10
1157,0.8292847959943163,entropy,5.0,6.0,200,10
1381,0.8292847959943163,log_loss,15.0,6.0,200,10
806,0.8292171324176196,log_loss,,6.0,300,5
774,0.8292171324176196,entropy,20.0,6.0,300,5
166,0.8292171324176196,entropy,,6.0,300,3
422,0.8292171324176196,log_loss,15.0,6.0,300,3
294,0.8292171324176196,entropy,20.0,6.0,300,3
326,0.8292171324176196,log_loss,,6.0,300,3
710,0.8292171324176196,entropy,10.0,6.0,300,5
390,0.8292171324176196,log_loss,10.0,6.0,300,3
870,0.8292171324176196,log_loss,10.0,6.0,300,5
230,0.8292171324176196,entropy,10.0,6.0,300,3
838,0.8292171324176196,log_loss,5.0,6.0,300,5
262,0.8292171324176196,entropy,15.0,6.0,300,3
902,0.8292171324176196,log_loss,15.0,6.0,300,5
934,0.8292171324176196,log_loss,20.0,6.0,300,5
454,0.8292171324176196,log_loss,20.0,6.0,300,3
646,0.8292171324176196,entropy,,6.0,300,5
198,0.8292171324176196,entropy,5.0,6.0,300,3
742,0.8292171324176196,entropy,15.0,6.0,300,5
358,0.8292171324176196,log_loss,5.0,6.0,300,3
678,0.8292171324176196,entropy,5.0,6.0,300,5
645,0.828337505920563,entropy,,6.0,200,5
741,0.828337505920563,entropy,15.0,6.0,200,5
933,0.828337505920563,log_loss,20.0,6.0,200,5
709,0.828337505920563,entropy,10.0,6.0,200,5
773,0.828337505920563,entropy,20.0,6.0,200,5
677,0.828337505920563,entropy,5.0,6.0,200,5
869,0.828337505920563,log_loss,10.0,6.0,200,5
837,0.828337505920563,log_loss,5.0,6.0,200,5
805,0.828337505920563,log_loss,,6.0,200,5
901,0.828337505920563,log_loss,15.0,6.0,200,5
676,0.8276608701535964,entropy,5.0,6.0,150,5
772,0.8276608701535964,entropy,20.0,6.0,150,5
868,0.8276608701535964,log_loss,10.0,6.0,150,5
708,0.8276608701535964,entropy,10.0,6.0,150,5
932,0.8276608701535964,log_loss,20.0,6.0,150,5
900,0.8276608701535964,log_loss,15.0,6.0,150,5
740,0.8276608701535964,entropy,15.0,6.0,150,5
804,0.8276608701535964,log_loss,,6.0,150,5
644,0.8276608701535964,entropy,,6.0,150,5
836,0.8276608701535964,log_loss,5.0,6.0,150,5
324,0.8273902158468096,log_loss,,6.0,150,3
292,0.8273902158468096,entropy,20.0,6.0,150,3
228,0.8273902158468096,entropy,10.0,6.0,150,3
420,0.8273902158468096,log_loss,15.0,6.0,150,3
164,0.8273902158468096,entropy,,6.0,150,3
388,0.8273902158468096,log_loss,10.0,6.0,150,3
452,0.8273902158468096,log_loss,20.0,6.0,150,3
260,0.8273902158468096,entropy,15.0,6.0,150,3
356,0.8273902158468096,log_loss,5.0,6.0,150,3
196,0.8273902158468096,entropy,5.0,6.0,150,3
453,0.8271872251167197,log_loss,20.0,6.0,200,3
293,0.8271872251167197,entropy,20.0,6.0,200,3
197,0.8271872251167197,entropy,5.0,6.0,200,3
229,0.8271872251167197,entropy,10.0,6.0,200,3
165,0.8271872251167197,entropy,,6.0,200,3
357,0.8271872251167197,log_loss,5.0,6.0,200,3
421,0.8271872251167197,log_loss,15.0,6.0,200,3
261,0.8271872251167197,entropy,15.0,6.0,200,3
389,0.8271872251167197,log_loss,10.0,6.0,200,3
325,0.8271872251167197,log_loss,,6.0,200,3
