Id,income
2135,low
29059,low
9280,low
21598,low
11015,low
3180,low
12753,low
16227,low
19818,low
22240,low
7236,low
14879,low
21960,high
5149,low
1572,low
32028,high
19796,low
18661,low
24942,low
2050,low
9555,low
24020,low
19136,low
2853,low
28955,low
5204,low
10181,low
4439,low
1872,low
2166,low
23187,low
30016,low
32546,low
13264,low
420,low
32096,low
809,low
8202,high
30664,low
24961,low
27842,low
17551,high
12070,low
26987,high
21011,low
14019,low
29890,low
15877,low
1462,low
20787,low
1272,low
18896,low
7380,high
8864,high
19938,high
25601,low
25973,high
17850,low
4042,high
12854,high
17628,low
18149,high
21010,low
4520,low
19999,low
22085,low
1524,low
1670,high
29996,low
15872,low
7118,low
5233,high
4952,high
12546,high
27951,high
4854,low
24450,high
273,low
20889,low
1463,low
779,low
9269,low
11043,low
6997,low
12081,low
10510,high
26488,high
18862,low
32300,high
8017,low
25673,high
27253,low
24565,high
14072,low
959,high
30649,low
8566,low
13987,low
1091,low
13448,high
5390,low
22397,low
27106,low
20110,low
233,low
298,low
11718,high
22803,low
22547,high
20405,low
12576,low
27329,low
8206,low
7674,low
2234,low
7681,high
13331,low
17251,low
23771,low
9336,low
6810,low
2086,high
29112,low
9383,low
22189,high
3423,low
29191,low
181,low
31143,low
6066,high
11899,high
13468,low
27391,low
23832,low
23496,low
27251,low
9004,low
31515,high
11827,low
9544,low
15419,low
9443,low
22368,low
5163,low
8043,low
5252,low
29619,high
22067,low
25400,low
32214,low
8416,low
26157,low
30525,low
9186,low
22834,low
30006,high
19234,low
22892,low
26754,low
28059,low
17560,low
7828,low
17673,low
13746,low
16909,high
20903,low
13669,low
32309,low
19029,high
7285,high
31208,low
22290,low
20505,low
28725,low
10315,low
29578,high
1281,low
2279,low
32098,high
1927,low
29834,low
20342,low
9960,low
29533,low
28078,low
7605,low
1323,low
11352,high
6139,low
8238,low
11761,high
5521,low
8748,low
15115,low
18050,low
26923,high
31962,low
17235,low
23826,low
18241,high
9483,low
21115,low
7844,high
28570,low
32100,low
72,low
28758,low
9512,low
29363,high
1616,high
5159,low
8653,low
16233,low
27033,low
9311,high
15169,low
2929,low
14357,low
27910,low
7629,high
28372,low
25643,low
18167,high
23280,high
8029,high
24184,high
30891,low
18530,high
16904,low
25320,low
5360,low
12817,high
30741,low
21398,high
6594,low
24221,low
24582,low
24586,low
12420,low
20113,low
5927,low
31422,low
4308,low
13671,low
6504,low
8766,low
28053,low
10027,low
25764,low
1435,low
13212,low
12925,low
303,low
32482,low
27527,low
3718,low
32034,low
31278,low
1893,high
20477,low
4394,low
24534,low
32216,high
10029,low
17441,low
4837,low
28033,low
18391,low
8517,low
14750,high
11870,high
15372,high
13135,low
17415,low
7046,low
4031,high
15021,low
1431,low
30486,low
24728,low
9223,low
31435,high
11758,high
6221,low
16215,low
11888,low
21778,low
17066,low
18888,high
10963,low
566,high
7478,low
3445,high
30417,low
15665,low
21086,low
9516,low
29699,high
14305,low
1154,low
17028,high
31309,low
5239,low
12696,low
27990,low
2346,low
12911,low
32067,low
24964,low
13790,high
31705,low
5538,high
23605,low
13466,high
18716,low
8927,low
30691,low
7391,low
28566,low
31673,high
31483,high
22353,low
17631,low
29884,low
27818,low
3790,low
13806,high
16237,low
16736,low
1087,low
12233,low
28402,low
31652,low
2933,low
15480,low
21566,high
24364,low
5762,low
7594,low
12488,low
14523,high
11985,high
28944,high
1803,high
2306,low
21593,low
20980,high
3416,low
20181,low
10775,low
20690,high
9319,low
26315,low
22216,low
23133,low
7986,high
29499,low
26376,low
5659,low
15990,low
164,high
26747,low
11420,low
8755,low
21736,low
22050,high
23741,high
15564,low
4968,low
24307,low
28154,low
22058,low
29382,low
11676,low
16796,low
1802,low
250,high
20169,low
6498,low
22098,high
31743,high
13266,low
3339,low
3018,low
8794,low
19293,low
15375,low
24449,low
15478,low
13233,high
26706,low
28488,low
448,low
8722,low
12310,low
9569,low
22817,low
23689,low
27820,low
7238,low
107,low
345,low
18916,high
29669,low
22179,low
6190,low
29908,low
706,low
16206,low
4901,low
7374,low
32265,high
16330,high
4605,low
1346,high
13801,high
12192,low
6,low
4739,low
3157,low
20460,low
26993,low
27048,low
29659,low
19450,high
30113,low
20343,high
3653,low
462,low
1688,low
6378,high
21375,low
24626,low
19156,high
4523,low
5123,high
3853,low
3354,low
21252,low
18967,low
25920,low
32019,low
32389,low
11842,high
22741,low
472,low
5799,low
1839,high
32223,low
27341,low
6758,high
281,high
7922,low
13848,low
11121,low
10720,low
12986,low
28371,low
3350,low
9421,low
32330,low
29725,low
23888,low
4986,low
10628,low
1835,low
2068,low
14853,low
29358,low
31609,high
11900,low
21650,low
10417,low
7369,low
14263,low
27938,low
3143,high
17526,low
6760,low
11889,low
16887,low
22329,high
2614,low
4123,low
31004,low
3827,low
22725,low
11546,low
30240,low
27686,low
24088,low
13260,low
13948,low
29787,high
31996,low
10945,low
12229,low
14164,low
19895,high
4862,low
6833,high
17396,low
31495,low
26875,low
20339,low
24834,low
4640,low
19427,low
6553,low
19741,low
19111,low
1233,low
18727,low
10548,low
16050,low
20027,low
20293,low
5240,low
29593,high
5954,low
9814,high
13880,low
20768,high
20517,low
30204,low
3248,high
30431,low
16717,low
2322,low
27488,low
13308,low
1916,high
6491,low
24141,low
5588,high
8848,low
14854,low
18893,high
13522,low
2090,low
8418,low
21529,high
14662,low
17745,high
8334,low
11772,low
32256,low
2433,high
7788,low
19769,low
674,low
17411,low
20693,low
13809,low
11404,high
23481,low
20591,low
11789,low
3745,low
30571,low
10170,low
4201,low
9875,low
5049,high
3430,high
29560,high
26298,low
29637,low
23540,low
20066,low
21046,low
31240,low
26383,low
26656,low
251,high
22427,low
1830,low
18309,low
15279,high
14735,low
24239,low
4403,low
14765,low
2602,low
14834,low
4208,low
28967,low
31487,low
5236,low
8679,low
30164,low
271,low
21132,low
4202,low
3466,high
27089,low
13228,high
16080,low
24187,low
30404,low
11993,high
10901,low
27402,low
22263,low
7679,high
17728,low
6626,low
13453,low
27406,low
30429,high
30621,low
5114,low
8768,high
9076,low
1936,low
11222,low
9392,high
31212,low
31565,high
6366,low
15602,low
21569,high
17049,low
16030,low
2338,low
20817,low
15813,high
12927,low
27804,low
10906,high
30489,low
9507,low
23301,low
2836,low
13350,low
24651,low
27354,low
1849,high
24646,low
7389,high
9922,low
10969,low
22747,low
6887,low
9743,low
1882,low
31634,low
19217,low
14976,low
26106,low
2803,low
5051,high
29144,high
1211,low
13243,low
25057,low
18498,low
27843,high
8706,low
2633,high
13030,low
31510,high
32427,low
13659,low
31923,low
32025,low
362,high
5922,low
9645,low
13293,high
25921,low
26482,low
3176,high
31464,low
261,low
30413,low
25895,low
18414,high
1649,low
18049,low
8248,low
8320,low
19323,high
21801,low
9487,high
29264,high
2625,low
22854,low
10632,low
23321,low
24965,low
14359,low
24829,low
9157,low
8737,low
13947,high
15392,low
1699,high
17071,low
21181,low
21240,high
22015,low
28795,low
19913,low
30009,low
5765,low
20132,low
17305,low
14605,low
21692,low
28415,low
26493,high
16449,low
27825,high
18116,low
28936,low
2167,high
31144,high
26615,low
12165,low
2892,low
1184,low
1439,low
8301,low
14229,high
14301,low
18234,high
470,low
6482,low
13972,low
9084,low
25990,low
19640,low
21735,low
14010,low
24715,low
7802,low
12615,low
17126,high
16962,high
26307,low
8025,low
23780,low
15834,low
6576,high
14232,low
30658,low
7958,low
15388,low
13409,low
16870,high
28004,low
17199,low
15763,low
2618,low
8544,low
12832,low
7685,low
10654,low
2621,low
24836,low
4210,low
2913,low
20713,low
18492,low
10068,low
9855,high
1133,low
12300,low
27183,low
24401,high
30263,low
9005,high
6763,high
10911,low
31345,low
30820,low
19826,low
31297,low
26311,low
22441,low
1653,low
16278,low
2690,low
14632,low
15125,high
15466,high
22333,low
27129,low
14890,low
29768,low
26037,low
21753,low
21727,low
7048,low
17510,low
17555,low
14320,high
26530,low
24554,high
23525,low
14630,low
14622,low
18202,low
10115,low
22911,low
29548,high
18561,low
3522,low
1384,low
31230,low
30247,low
11268,low
31063,low
16641,low
7068,low
24169,low
15658,low
23882,low
10636,low
14865,low
1162,high
32328,low
6321,low
22145,low
23770,low
18863,low
31704,low
15879,low
21726,low
24710,low
1992,low
30106,high
9660,low
161,low
6099,low
12341,low
15755,low
15688,low
5108,high
20707,low
13862,high
24140,high
23468,low
11667,low
27921,low
6750,high
16441,low
9260,low
28137,low
11702,low
24590,low
30452,low
6327,low
24510,high
564,high
26736,low
3739,low
28935,low
6198,low
32406,low
21672,low
31707,low
5144,low
29781,low
13051,low
6597,low
5300,low
24807,low
28219,low
21833,low
4005,low
12506,low
9697,low
19959,low
8173,low
28171,low
25187,low
15010,low
1076,low
29409,high
28389,low
28854,low
13420,low
13027,low
25041,high
21449,low
8537,low
22434,low
24696,low
29707,low
20133,low
10047,low
24597,high
26269,low
19684,low
26097,low
15724,low
16921,low
3063,low
14395,low
15103,low
20077,low
9662,low
32315,low
30318,low
4128,low
14260,low
18410,low
3015,low
20954,low
7499,low
8969,low
5009,low
10731,low
16076,low
5334,low
7030,low
19387,low
10800,low
12507,low
12842,low
31545,low
13631,high
332,low
9184,high
10576,high
11036,low
32118,low
9827,high
6430,low
8534,low
11946,low
15537,low
29195,low
7721,high
23438,low
11040,high
30390,low
14023,low
28598,low
7982,low
24305,low
11931,high
4254,low
23338,low
21444,low
25529,low
3085,low
1543,low
17549,low
14220,high
19260,low
16249,low
9115,low
14922,low
28508,low
8815,low
9128,low
26877,low
25909,low
9116,low
1299,low
2390,low
13929,low
5129,high
7021,high
5519,low
9719,low
2195,low
300,high
6620,low
14179,low
8651,low
27666,low
10258,low
20714,low
31746,low
7525,low
22395,low
2754,low
10370,high
22335,high
3619,low
5763,low
20753,low
29565,low
26643,high
2826,low
13244,low
1443,low
22324,high
27369,low
27705,low
12890,low
12117,low
3243,low
10313,high
7771,high
15882,low
25294,low
3319,low
23366,high
15051,low
23666,low
12572,low
15774,high
12328,low
29873,high
10794,low
27772,low
22767,high
31213,low
21352,low
26814,low
29865,high
6956,low
9888,low
26941,low
23576,low
20960,low
6229,low
9146,high
25388,low
28373,low
10829,high
15107,low
12382,low
11646,low
24549,low
9878,low
11210,low
15211,low
6258,low
30227,low
15089,high
22158,low
8752,low
11780,high
23676,low
23951,low
13414,high
6322,low
23101,high
32488,low
4631,low
12432,low
19348,high
10616,low
16188,high
15945,low
25787,low
1977,low
25062,low
20893,high
8896,high
9427,low
7222,low
11519,low
31672,low
25002,low
3518,high
1648,high
27232,high
8777,low
4637,low
11490,low
18842,low
21060,low
2398,low
9766,high
8730,low
22347,low
16362,low
24105,high
11176,low
18300,high
17597,high
1244,low
1482,high
16667,high
15965,low
18705,low
12641,low
24776,low
26088,low
21123,low
20122,low
5242,low
20211,low
18253,low
21431,low
31120,high
15196,low
11606,high
17614,low
9228,high
27583,low
21841,low
20762,low
7147,high
13080,low
17984,high
17974,high
2304,high
21085,low
1201,high
20648,low
4060,high
26089,high
9603,low
10562,low
8104,high
10878,low
2218,low
752,low
20047,high
8401,high
21207,low
7476,low
12363,low
27895,low
11348,low
25692,low
21014,high
25471,low
3595,low
6632,low
10304,low
10710,low
30344,low
8170,low
17933,low
14642,low
24839,high
368,low
24324,low
18396,low
2494,low
785,low
20173,low
2264,low
17955,low
7521,low
13462,low
16658,low
30337,low
15468,low
1660,low
29879,low
10091,low
18769,low
4333,low
5951,low
32122,low
29998,low
27103,low
13231,low
24178,high
21839,low
4816,high
16814,low
17232,low
14581,low
16389,high
24837,low
24271,low
1257,low
20013,low
8299,low
15775,high
13605,low
18625,low
7599,high
25024,low
16223,low
17059,low
25140,low
30632,high
11633,low
14031,low
27788,low
11610,low
18447,low
10214,low
17449,low
4895,low
32057,high
29588,low
21407,low
17630,low
25878,low
3116,high
9049,low
2938,low
21733,low
18185,low
18696,low
81,low
30590,low
4340,low
3616,low
487,low
27015,low
26612,low
1483,low
21965,low
28202,high
14490,low
12704,high
29122,low
27984,low
30324,low
21954,low
4399,low
3294,low
17603,low
7309,low
2611,low
3664,high
14439,low
3819,low
31165,low
19312,low
28378,low
11598,low
10127,low
23356,low
22141,low
12031,high
1050,low
9833,low
18581,low
4825,low
26686,low
21017,low
641,low
20008,high
12069,low
4728,low
11349,low
14454,low
25262,low
5739,low
18400,low
14796,high
20242,low
31453,low
7767,low
12208,high
28675,high
16898,low
16752,high
10482,high
26389,low
10019,low
8226,high
18199,low
22340,low
4717,high
19534,low
15271,high
2806,low
7686,low
1308,low
3396,low
14244,low
21979,low
10191,low
15381,low
21298,low
6168,low
14898,low
10644,low
25569,low
27704,low
24498,low
19867,low
5612,high
13105,low
11382,low
6799,low
10958,high
5518,high
18453,high
12174,high
15664,high
7109,low
32560,high
707,low
3748,low
23609,low
17931,low
1334,high
23816,low
3553,low
30432,low
31784,low
2290,low
863,low
14941,low
26578,low
1161,low
17029,low
27813,high
15553,high
12390,low
29679,low
13475,low
4735,low
19010,low
16471,low
10058,low
20148,high
9463,low
15866,low
28838,low
20493,high
8217,low
8891,low
16780,low
3024,low
11472,high
18213,low
29146,low
31199,low
22151,low
30923,low
11828,low
1230,high
30963,low
5603,low
25523,low
6116,high
461,low
4103,low
29301,low
1794,low
26273,low
10988,low
23258,low
13084,low
20983,low
7082,low
27524,low
23524,low
12810,low
15206,low
13279,low
8458,high
18632,high
16395,low
19334,high
23806,high
31570,low
30190,low
17427,low
30863,low
17060,low
24487,low
31136,high
21059,low
13186,high
445,low
17567,high
30783,low
13394,low
5949,low
22031,low
25521,low
31849,low
10371,high
1277,high
26641,low
25318,low
31561,high
19084,high
175,low
11640,high
10263,low
32001,high
11332,low
7813,low
12539,high
27588,low
13894,low
27947,high
21664,low
11275,low
14096,high
32160,low
15434,low
10300,low
30955,low
17105,low
13355,low
24488,low
27132,high
16208,low
29404,low
10254,low
1947,low
20081,low
17573,low
28545,low
6538,low
19308,low
32327,low
15038,low
31938,high
30545,high
16051,low
2412,low
1685,high
29728,high
7513,high
16613,low
26074,high
10502,low
10870,low
464,low
12605,high
991,low
16781,low
22789,low
7477,low
11741,high
19157,low
25701,low
29539,low
1514,high
18319,low
9407,low
7520,low
9031,low
18260,low
1147,low
7287,low
12464,low
21038,high
16839,low
22698,low
16567,low
20005,high
27276,low
27701,low
28050,high
23916,high
16577,low
7470,low
18106,low
9050,low
542,low
19578,low
17736,high
28085,low
8496,low
14270,low
22838,low
30150,low
16979,high
895,high
31563,low
17339,low
11583,low
994,low
17165,low
24393,low
743,low
7925,low
23219,low
31990,high
3214,low
8652,low
24916,low
5352,low
8321,high
28535,low
15076,low
2695,high
19449,low
16166,low
29037,low
25942,low
16032,high
32040,low
3378,low
14663,low
10696,low
8394,low
10648,low
19847,low
12037,low
21270,low
8316,low
20128,low
10034,low
14414,low
3190,low
26674,high
23932,low
11501,high
14608,low
8844,low
14638,low
9261,low
19441,low
5576,low
15520,low
18871,high
4747,high
13149,low
29489,low
6987,low
8873,low
31740,low
29989,low
18368,low
20539,low
29741,high
25624,low
7446,low
7672,low
19698,low
21035,low
18450,high
7435,low
7359,high
2600,low
8070,low
22459,low
14032,low
13797,low
10392,low
29604,low
16776,low
30716,low
10393,high
995,low
2344,high
6063,low
21322,low
970,low
9359,low
8937,low
12181,low
28166,low
22001,low
12450,high
2736,low
5176,low
10653,low
12058,low
26144,low
6117,low
5813,high
20555,low
12521,low
18271,low
26254,low
19384,low
4008,low
1866,low
15810,low
25721,low
3306,low
12196,low
17109,low
31463,low
9641,low
29779,low
30799,low
8309,low
16164,high
2861,low
2951,low
32247,low
11362,high
17583,low
7054,low
5871,low
8882,high
27182,high
28611,low
29524,high
12167,low
7745,high
5839,high
1268,low
30383,high
25570,low
31547,low
8060,low
30527,high
685,low
25869,low
13665,high
4742,high
25265,low
21860,low
13895,high
2257,low
30659,low
24633,low
26812,low
20607,low
11775,low
23378,low
30639,high
4250,low
9227,high
18383,low
16351,low
25374,low
13112,high
22137,low
13911,low
24152,low
5162,low
21906,low
15961,high
5415,low
19295,low
27800,low
7523,low
4371,low
10511,low
31148,high
8357,low
24046,low
562,high
16384,low
19804,low
29503,low
665,high
6742,low
32423,low
13965,high
16168,low
8712,low
805,high
30850,low
6841,low
17622,high
31645,high
1498,low
8939,low
10257,low
12720,low
10844,low
31517,low
25497,low
21253,low
19827,low
24795,low
26718,low
2249,low
25406,low
16680,low
25642,low
30474,low
17216,low
21319,low
20136,low
4660,low
10624,low
29442,low
5943,high
29353,low
21015,low
9442,high
2543,low
31966,high
29876,low
31534,low
25007,low
16264,high
24742,low
16521,high
696,high
28934,low
31125,low
26989,low
11041,low
21701,low
27385,low
4849,low
6272,low
5262,low
9437,low
139,low
31788,high
7870,high
7175,low
26158,low
16495,low
583,low
11766,low
30916,low
2355,low
18022,low
12729,low
24818,low
30552,low
23553,high
11717,high
25543,low
17492,low
21707,low
22808,high
30998,high
5366,low
18634,low
5757,high
13045,low
21723,low
7747,low
30637,low
23031,low
2589,high
30603,low
23999,high
16022,low
15277,low
27932,low
11631,low
15438,low
6897,high
27736,high
30387,low
1679,low
31684,high
18993,low
25301,low
2216,low
23002,high
12072,low
31539,low
5458,high
23668,low
20172,low
24673,high
1912,high
5704,low
1876,low
20900,low
18096,low
24038,high
15243,low
18913,high
24010,high
30197,low
11733,low
10333,low
30608,low
29955,low
3398,high
7413,high
13344,low
32108,low
16083,high
5708,high
30626,high
12212,low
26422,low
1310,high
30020,low
29719,high
2201,low
1630,low
30996,low
6476,low
26437,high
18915,low
11243,low
8808,high
8355,low
20532,low
13619,low
5718,low
27289,low
17870,low
4748,low
4211,low
6540,low
8083,low
13639,high
32543,low
1814,low
17239,low
11018,low
21843,low
18922,low
11146,low
13648,low
15113,low
4866,low
27075,high
2807,low
6954,high
7762,low
19009,low
29877,low
24006,low
19499,high
8498,low
6211,low
2745,low
15351,low
16626,low
22277,low
7796,low
598,low
31425,high
30610,low
778,high
26743,low
31187,low
32046,high
6744,low
13923,low
23874,high
12463,low
5418,low
25847,high
16261,high
14342,high
9941,low
3677,low
7775,low
4645,high
17730,low
10909,high
1088,high
1968,low
241,low
11380,low
18774,low
9905,low
11682,low
15164,low
6305,low
29446,low
875,high
31736,low
9099,low
20662,high
12461,high
13851,low
22839,low
32422,low
31665,low
19339,low
2291,low
13171,low
5952,low
23275,low
25561,low
31876,low
23035,low
18782,low
4349,high
7822,low
7055,low
15845,low
11276,low
25143,low
12419,low
11582,high
9008,high
14676,low
4626,low
15053,low
29697,low
19278,low
3673,high
3910,low
1056,low
11891,low
22797,low
5463,low
18828,low
14787,low
5614,low
7714,high
2686,low
26250,low
16790,high
24801,low
28490,low
21742,low
26053,low
21429,low
26170,high
24939,low
27366,low
24056,low
22693,low
17834,low
25680,high
30340,low
27301,low
31437,low
20325,low
11029,low
25503,high
20231,low
25352,low
16612,low
31266,high
6708,high
7531,high
24342,low
8646,low
13081,low
25264,low
4361,low
15939,low
29815,low
19254,low
11984,high
7962,low
3142,low
20718,low
17387,high
17571,low
6861,low
15235,low
13975,high
11791,low
29488,low
30266,high
23768,high
14774,high
16745,low
25253,low
2776,low
4944,high
10118,low
13876,low
31979,low
27727,low
10041,low
29986,low
1564,low
22092,low
16572,low
14311,low
4920,low
13289,high
30505,low
16199,low
16965,low
23876,low
15493,low
24322,low
9163,low
24918,low
14934,low
21539,low
11495,low
1988,low
1234,low
28392,low
20501,low
30720,low
21920,low
24654,low
5941,low
29082,low
6453,high
19367,high
19856,high
3512,low
26425,low
25123,low
10748,low
8780,low
19116,low
30838,low
4307,low
12039,low
718,low
22627,low
9414,low
7378,low
32017,low
22206,low
3960,low
20838,low
9550,low
14594,high
14282,high
31951,low
4101,low
11155,low
524,low
22232,low
8471,high
6653,low
32112,high
14716,low
16558,low
8898,low
14017,high
30120,low
15340,low
30868,low
2987,low
1728,high
11736,low
23640,low
490,low
6555,low
23911,low
15654,high
22210,high
21511,low
15349,high
18690,low
29825,low
24125,high
1727,low
14670,low
4327,high
26454,low
21565,low
8526,low
30726,low
6739,low
29674,low
16529,low
2538,low
24044,low
17052,high
2963,low
22218,low
1296,low
5829,low
3009,low
6845,low
25281,low
17294,low
27035,low
24334,low
28393,high
8506,low
19405,low
28462,high
27112,low
12819,high
18373,high
11898,low
1324,low
3900,high
17405,low
27311,low
26637,low
22657,low
22139,low
32177,low
19262,low
12571,low
10043,low
13678,low
17764,low
9942,low
4490,low
18744,low
2757,low
15045,low
1566,low
9161,low
27150,high
625,low
23429,low
12124,low
21137,low
4628,low
23260,high
28942,low
13013,low
26535,high
21745,low
17038,low
10860,low
27434,high
2159,low
15559,low
16923,high
12490,low
7394,low
13674,high
17515,low
16494,low
14948,high
18374,low
25914,high
11979,low
9348,high
27528,low
19593,low
13075,low
13893,low
27468,low
29822,low
8272,low
6137,low
8342,low
3452,low
10527,low
18394,low
30858,high
5238,high
31837,low
31706,low
19206,low
17649,low
7162,low
17918,low
32489,low
24120,low
5363,low
30958,low
2012,low
22602,low
12880,low
18196,low
26370,low
25220,low
17579,low
13808,low
5849,low
28459,high
15707,low
28319,low
22154,low
17815,low
24904,low
1709,high
2547,low
24164,high
18369,low
3464,high
18422,low
17985,low
25866,high
21601,low
26811,low
7739,low
22691,high
16396,low
28139,low
22593,high
1902,low
22912,low
13589,low
27659,low
22710,low
30487,low
28346,low
4417,low
22966,low
23418,low
15174,low
13909,low
28746,high
12092,low
13514,high
32148,high
24507,low
411,low
19423,low
12044,low
27877,low
14712,low
14362,low
16405,low
17139,low
9379,low
20510,high
6767,low
19113,low
17259,high
23537,low
7846,low
1991,low
5640,low
6681,low
9493,low
32357,low
10132,low
694,low
31560,low
13727,low
10668,low
6468,high
8419,low
10941,low
6106,low
10608,low
22267,low
8809,low
2185,low
10659,low
16497,low
29302,low
4916,low
14620,high
15885,low
5797,low
10005,low
16851,low
24267,low
16821,low
9823,low
31303,low
30792,high
15018,high
14106,low
19637,low
23046,low
10692,low
27585,high
10577,low
26627,high
8040,high
13005,high
17671,high
4845,high
26215,low
26020,low
25127,low
19585,low
31142,low
31611,low
5919,low
7506,low
15011,low
23908,low
23684,low
21081,low
20441,low
3812,low
21832,low
3570,low
15401,low
23355,low
7558,high
10953,low
7303,low
15162,low
24595,low
886,low
5929,high
10578,low
19269,low
23126,low
14557,low
29198,low
31880,low
17840,low
27166,high
23076,low
32043,low
974,low
26054,low
31405,high
28761,low
16009,low
11279,low
24332,low
6281,high
9399,low
25548,high
1129,low
17550,low
434,low
14996,low
4475,high
17222,low
11175,low
24552,low
5412,low
12043,low
3449,low
31197,low
21559,low
197,high
23685,high
15447,low
21168,low
29747,low
1567,low
26704,low
31254,high
6822,low
4266,high
17801,low
3993,low
11168,low
29912,low
28981,low
1613,low
23957,low
649,low
22116,low
2483,low
22869,low
22718,low
2814,low
21959,low
5791,low
29438,low
23255,high
1461,low
21891,high
15738,high
22436,high
3068,low
10868,low
31590,low
16436,low
13839,low
16643,low
32124,low
26967,high
7484,low
29609,high
6855,low
15760,high
20556,low
15462,low
9107,low
21107,low
31185,high
13039,low
12462,low
6465,high
3607,low
27674,low
19963,low
8626,low
18588,low
10801,high
20921,low
24641,high
26899,high
23066,low
19916,low
21160,low
12559,low
14408,low
30754,low
24493,low
28272,high
47,low
20720,low
13218,low
25089,low
29043,low
25302,low
6857,low
16539,high
28816,low
3800,low
12684,low
26198,low
7859,low
3370,high
13128,high
15041,low
1556,low
24494,low
7561,high
18153,high
14204,low
15191,high
26515,low
15385,low
28920,low
29622,high
1905,low
26044,low
27529,low
21037,high
22748,high
6151,low
7699,low
13559,low
26079,low
28794,low
28528,high
6182,low
21623,low
22419,low
3654,low
22286,low
19042,low
7177,low
13363,low
30323,low
3524,low
21203,high
913,low
31682,low
12632,low
16631,low
2810,low
20696,low
2231,low
19844,high
12788,low
14187,low
16831,low
21827,low
17344,low
30855,low
12264,low
21186,low
30081,low
26648,high
17514,low
854,high
13528,high
2582,low
16565,low
12601,high
3817,high
7156,low
4983,high
22750,low
18680,high
23979,high
21497,low
31414,low
19979,low
15814,low
7436,low
11693,low
3951,low
10742,low
32558,low
20604,low
698,low
4669,high
23190,high
6745,low
20109,low
28237,low
6505,low
4770,low
25474,low
29547,high
1286,high
20723,low
4339,high
17141,low
9103,low
23921,low
8557,low
11289,low
6754,low
26398,high
27717,low
1336,low
18145,low
14531,low
28672,low
5199,low
14907,low
19931,low
9035,low
23680,low
16747,low
23864,low
31685,low
32185,high
28727,low
14614,low
28687,low
22573,high
20193,high
4672,low
13969,low
9447,low
31249,low
8856,low
13360,low
16251,low
15603,low
29692,low
26699,low
5728,high
31769,low
15293,low
26252,low
21347,high
1194,low
30347,high
29443,low
17036,low
19601,low
19904,low
4518,low
2379,low
1183,low
18242,low
15490,low
4757,low
18961,low
31296,low
15295,low
30129,high
29513,low
12184,low
23963,low
5445,low
1043,high
1359,low
18475,low
30644,low
22688,low
16675,low
19429,low
3158,low
4321,low
8850,low
12378,high
31760,low
520,high
16857,low
14624,high
26121,low
24844,low
26108,low
10231,low
32120,low
16003,low
20770,low
25083,low
10144,high
10755,low
31782,low
16719,high
19439,low
4334,low
2211,low
15489,high
20442,high
20674,low
5260,low
20819,high
32302,low
22849,low
27651,high
30372,low
20297,low
30699,low
1733,low
24179,low
23843,low
27178,low
25862,high
23171,low
13114,high
11100,low
4054,high
12503,low
31161,high
8363,high
13207,high
15145,low
22294,low
21578,high
27733,low
30025,low
8181,low
5673,high
5636,low
25536,low
26343,high
4478,high
24688,low
238,high
3273,low
24919,low
19628,low
1316,high
28470,high
27834,low
31146,low
19906,low
9303,low
25160,low
27359,low
7648,low
21644,high
11350,low
1093,low
3801,low
16133,low
26792,low
795,low
24464,low
11130,low
11009,low
3320,low
9354,low
7183,low
25540,high
9844,low
27881,low
14279,low
32135,low
29139,low
30627,low
31898,high
26823,low
32499,low
7492,low
14722,low
16447,low
29042,low
28678,low
26848,low
24596,low
12040,low
18376,low
350,high
720,low
16338,low
23014,low
17315,low
2487,low
8586,low
4415,low
26628,low
8998,low
135,high
23295,high
3961,high
11369,low
9573,low
14037,low
7311,low
30027,low
18718,high
27303,low
7316,low
6967,low
13336,low
10730,low
5364,low
20257,low
28587,low
20130,low
31233,low
18962,low
16930,high
29862,low
30045,low
27441,high
5844,low
18522,high
22773,low
5379,low
23069,low
5258,low
1795,low
21315,high
18281,low
19502,high
25116,low
21215,high
17149,low
12841,high
21391,low
16934,low
4206,low
4809,low
25087,high
10239,low
12862,low
11524,low
26999,low
3589,low
11089,high
3425,low
32318,high
15937,low
6263,high
27355,low
28142,low
21418,low
31617,low
13518,low
29929,high
9171,low
18784,low
9687,low
11935,low
17672,high
20518,low
23579,low
798,low
30177,low
25954,low
29303,high
22093,low
13146,low
16463,low
20240,high
22367,low
23814,low
20467,low
29688,low
9818,high
18275,high
10422,high
19146,low
5569,low
12874,high
28853,low
282,low
23956,low
28498,low
4355,low
20190,low
29385,low
10663,low
20526,low
7883,low
9952,low
21880,low
13850,low
26570,high
24075,high
26808,low
31925,high
14409,low
11535,low
7646,low
398,low
19525,low
22308,low
6519,high
7915,low
24962,low
12619,low
3039,low
27098,low
16172,low
32228,high
618,high
22127,low
9175,low
26564,low
16228,low
26047,high
26949,low
14789,low
18285,low
5893,low
8681,low
29386,low
5455,low
20614,low
30852,high
22472,low
30363,high
8196,low
29788,low
1169,low
28607,high
20089,high
18261,low
15886,low
14839,high
219,low
7983,high
19171,low
28926,high
18265,low
2693,low
2557,low
27041,high
12,low
17340,high
10457,low
12994,low
30816,low
22716,high
4629,high
1060,low
29238,low
12369,low
27663,high
6335,low
16267,low
10606,low
32173,high
30983,low
2894,high
30463,low
10436,low
26029,low
19693,low
22193,high
16479,low
20433,low
25960,low
26429,low
22828,low
21536,low
25855,high
8604,low
1640,low
9701,low
18343,low
27599,low
5997,low
23823,low
16189,low
10243,low
30515,high
15454,low
4694,high
17589,low
28670,low
22008,high
4408,low
25649,low
10391,low
22913,high
16990,low
14406,high
1032,low
3780,low
27049,high
25351,low
27208,low
4375,low
27231,low
8026,high
819,low
17584,low
21292,high
25896,low
4724,high
20228,low
21872,low
22837,low
13265,low
17700,low
11200,low
9863,high
25353,low
21408,low
23131,low
23618,high
29800,low
18081,low
32311,high
2198,high
5998,low
23170,low
19023,low
25010,low
10685,low
5744,low
28342,high
29924,low
32277,low
2759,low
17337,high
22566,low
29462,low
2048,high
28759,low
7804,low
22318,low
14862,low
32391,low
3189,low
32020,low
244,low
24452,high
9635,low
26780,low
31234,low
13932,low
16995,low
24348,low
2448,low
15600,low
29504,high
27729,low
27436,low
12698,low
32279,low
21111,low
8480,low
20748,low
25883,low
6495,high
16819,low
16733,low
9584,low
23543,low
31163,low
21258,high
10452,low
19762,low
12897,low
17652,high
29769,high
27678,high
16674,low
29945,low
19158,low
26264,low
24095,low
4539,high
278,low
8249,high
29846,low
29142,low
27220,high
27367,low
6489,low
21759,low
1740,high
16826,low
25246,low
18980,low
30925,low
15639,low
27523,low
28780,low
13383,high
1541,high
24235,low
4616,low
8082,low
32005,low
7702,low
3551,low
3635,low
3312,low
6548,low
25566,low
9822,low
7609,low
9738,low
13649,low
20114,low
32459,low
19,low
16648,low
13805,low
6705,low
9016,high
13600,low
31179,low
1634,low
13478,low
23052,high
21792,low
13793,low
11647,low
6278,low
20710,low
7069,low
22038,low
20264,low
1964,low
7827,low
13682,low
9904,low
17976,low
2326,low
19087,low
9257,low
17282,low
27000,low
27868,low
5556,low
5809,low
23895,low
22527,high
14269,low
18908,low
5877,low
11024,low
26531,low
1692,low
27325,low
24669,low
10501,low
14141,low
5859,low
14186,low
15154,low
8680,low
7290,high
14464,high
17261,low
26626,low
6970,low
793,low
11494,low
25259,high
28634,low
2370,low
30267,low
29859,high
12263,low
24907,low
27816,low
13733,high
12473,low
1568,high
17100,low
21992,high
12993,low
9754,low
8293,low
17311,low
28886,low
15234,low
1952,low
17370,low
918,low
1190,low
21628,low
25559,low
27024,low
19691,low
21077,high
18420,low
5698,low
14225,low
15204,low
1338,low
25248,low
13823,low
4573,low
14371,high
31083,low
3219,low
5027,low
31202,low
3623,low
8184,low
4329,low
6185,low
17964,low
2707,high
5058,low
10552,high
24314,low
21734,low
10033,high
31519,high
7232,low
27680,high
11281,low
27111,low
14808,low
31980,low
16016,low
1113,low
15329,low
27505,low
21543,low
22155,low
2113,low
13650,high
18832,low
23072,low
27417,low
18029,low
20840,low
24848,low
10707,low
20899,low
14416,low
19268,low
19060,low
28941,low
2635,high
25482,high
24525,low
30940,low
19173,low
28327,low
24216,low
13680,high
23027,low
31619,low
27149,high
6399,low
24619,low
31047,high
20197,low
29764,low
4225,low
14634,low
19695,low
20445,low
31246,low
940,low
27709,high
23658,low
6409,low
30191,low
19445,low
4785,low
16433,low
27036,low
3627,high
16772,low
11211,low
8209,high
28571,high
16732,low
29245,low
22734,low
25947,low
12935,low
17044,low
30667,high
28860,low
25695,low
22705,low
24447,high
21904,low
15535,low
10398,low
14990,high
32387,low
28016,low
24099,low
3326,low
19266,low
19468,low
21574,low
24771,low
7985,low
10012,low
27017,low
22059,low
16533,low
31430,low
13351,high
10351,low
5203,low
25618,high
4889,low
9382,low
9665,low
15606,low
5760,low
14533,low
27045,low
20833,low
5750,low
17943,low
15181,low
26232,low
1985,low
10248,high
28796,high
19472,low
25229,low
13451,high
21929,low
27966,low
28874,low
20791,low
25805,low
26105,high
24866,low
28417,high
20659,high
9156,low
16892,low
12781,low
11945,low
2688,high
6248,low
28664,low
5912,low
8198,high
31294,low
25987,low
15574,low
26217,low
18881,low
14382,low
23459,high
5280,low
28279,low
32442,low
6287,low
26134,high
14955,low
24197,low
16181,low
11826,high
25706,low
18963,low
8659,low
22979,low
11906,high
22399,high
27652,low
30235,high
23493,low
14425,low
6873,low
6820,low
2114,low
19081,low
14732,low
31078,low
2763,low
12060,low
27254,high
16086,low
22940,low
5736,low
29776,high
2158,high
24573,low
4614,low
14844,high
12578,low
19292,low
9294,low
15957,low
13976,low
21383,low
28604,low
5393,low
10121,high
1074,low
7818,low
5870,low
17306,low
25845,low
5464,low
24563,low
7548,low
2844,high
8408,low
11849,low
14210,low
13760,low
25373,low
26544,low
15750,low
7040,low
4304,high
24853,low
24062,low
10416,low
19204,low
31909,low
11601,low
2870,low
8608,low
29874,low
3279,low
5618,low
29632,low
5511,low
13319,low
18817,high
32491,low
22079,low
2316,high
1982,low
29117,low
20955,low
10961,low
25426,low
32050,low
14446,high
1715,low
31343,low
19834,low
29208,low
18091,low
29744,high
7941,low
22044,low
6570,high
2119,low
30184,low
14719,low
30957,high
13183,low
15729,high
14513,high
26395,low
23624,low
20788,low
26469,low
19007,low
29931,low
2341,low
13436,low
12402,low
19186,low
10690,low
18859,high
12896,low
26984,low
9612,low
4506,low
2020,low
17293,low
3410,high
23802,low
24723,low
13310,high
4693,low
24886,high
13461,low
29356,high
22157,low
1880,low
21244,high
25415,low
4663,low
29549,low
22806,low
22223,high
1848,low
27135,low
20976,low
8058,low
28663,low
15822,low
13777,low
29159,low
20583,low
6746,low
9423,low
18587,low
22246,high
3400,low
29150,low
31776,high
30884,high
18638,low
16507,low
13323,low
1666,high
4411,high
18125,low
4261,low
28471,low
21052,low
14524,low
31910,low
16936,high
22967,low
31708,low
29757,low
24521,low
11609,low
14284,low
31848,low
17516,low
16845,low
1393,low
26357,low
26560,low
22957,low
25150,low
28573,low
4199,low
27054,low
20102,low
27379,low
21589,high
31402,low
30034,high
5316,low
15847,high
17163,low
22776,low
8335,low
17963,low
5343,low
12682,low
1775,low
22738,low
32138,low
20507,high
29425,low
19831,low
10531,low
1223,low
17392,low
30073,low
21641,high
2886,high
4059,low
31703,low
29475,low
31033,low
438,low
10177,high
24602,high
16889,low
6729,low
3544,low
14148,high
1049,high
28457,low
9419,low
15628,low
15575,low
5243,low
20780,low
14849,low
15858,low
1635,high
8885,high
8464,low
23247,low
28817,high
2567,low
12347,low
2232,low
22585,low
21504,low
30036,high
15370,low
29783,low
5535,low
5933,low
23757,low
21477,low
21542,low
13103,low
13479,high
958,high
26282,low
15516,low
14296,high
6428,low
20070,low
8109,low
6054,low
12738,low
29341,low
23233,low
10492,low
30657,low
10309,low
32416,high
8786,low
17503,low
9742,low
31650,low
25145,low
29091,low
16288,high
14903,low
10451,low
31855,low
16122,low
19822,low
950,low
27346,high
23118,low
22546,low
11914,low
15380,low
1192,high
17794,low
12666,high
21625,low
22013,low
6473,low
21475,low
17765,low
7970,low
29907,high
3614,low
19309,low
8573,high
25334,low
11678,low
10251,low
14905,low
9967,low
16807,low
7408,low
27119,high
25514,low
11214,low
24603,high
12436,low
23698,low
9704,low
32411,low
27155,low
31549,low
15881,low
7295,low
22932,low
9811,low
28636,high
19851,low
8497,low
25256,low
6535,high
27164,low
29805,high
22522,low
19853,low
8135,low
16222,low
28403,low
17975,low
31654,high
4915,low
30161,low
7078,low
31227,low
13306,low
5915,low
7694,high
8666,high
15676,low
7517,high
18983,low
28114,low
22965,low
23897,high
12333,low
32331,low
7325,low
19877,low
7115,low
25156,low
4423,low
30964,low
1942,low
692,high
16777,low
11924,low
2391,low
5681,low
826,low
28280,low
10758,low
15486,low
16154,low
16025,high
14866,high
814,low
9593,low
31541,low
20424,low
4205,low
19372,low
7393,high
15873,low
8772,low
1075,low
22564,high
1698,low
12860,low
8560,low
13320,low
7539,low
800,low
15437,low
31532,low
12915,low
3675,low
25037,high
20301,low
23763,low
18737,low
23404,low
16073,low
11651,low
15976,low
10267,low
5661,low
4554,low
2428,low
10221,low
16286,low
30764,low
23189,low
18158,low
14221,low
26509,low
3825,low
8802,low
28161,high
2884,low
8159,low
351,low
18759,low
31489,high
881,low
4948,low
18736,low
8231,low
13490,low
18141,low
17155,low
16617,low
9973,low
10114,high
15305,low
22589,low
5543,high
5936,high
7856,low
23988,low
15195,low
9038,low
14377,low
11581,low
5978,low
6084,low
15821,low
27071,low
18446,low
26150,high
22900,low
29572,low
5986,low
11444,low
16597,low
27629,high
17401,low
2205,low
2030,low
12145,low
30607,low
5085,low
9195,low
22719,low
9096,low
2394,low
22695,low
32274,low
2918,high
5498,low
25113,low
24367,low
3730,low
9820,low
5227,low
27611,low
12366,low
343,low
25073,low
19733,low
30767,low
28449,low
9091,high
32453,low
12702,low
7829,low
3233,low
24435,low
27596,low
185,low
5012,low
12285,low
30365,high
12178,low
17346,high
15363,low
2683,low
16767,low
5186,low
265,high
25996,low
549,low
27554,low
14928,high
12962,high
25882,low
10589,low
28805,high
32465,low
26764,low
13728,low
27156,low
26293,low
16435,low
17741,high
6315,low
27446,low
24255,low
9297,low
24416,low
20404,low
28207,low
19919,high
14813,low
28001,low
25527,low
26308,low
16084,low
6446,low
9583,low
25859,high
26779,low
30054,low
27192,high
20416,low
28661,low
31215,low
28019,low
1012,low
15690,low
12200,low
7834,high
29658,low
21710,low
2875,low
21380,low
13683,low
29398,low
25984,low
6194,low
31204,low
16006,low
32172,high
7622,low
20368,high
11379,low
12876,low
13831,low
15497,high
7835,high
24883,low
19303,low
29946,low
12670,low
7770,low
6794,low
11552,low
964,low
30993,low
14076,high
27494,high
15764,low
7346,low
31850,low
9525,low
11506,low
24091,low
5684,low
25013,low
19489,low
16504,low
27565,low
26708,low
20619,low
12634,low
23610,low
18198,high
15525,low
31749,low
24115,low
27429,low
6341,low
4667,low
28756,low
2977,high
9149,low
15245,low
14001,high
9652,high
25407,low
17854,high
20248,high
1228,low
21331,low
2395,low
11521,high
19270,high
7461,high
16311,low
27683,low
26683,high
17511,low
16592,low
4670,high
25915,high
10547,low
20943,low
22608,low
26610,high
18575,high
22675,low
11397,low
18469,low
31332,low
5323,low
28491,low
17604,low
6454,low
25329,low
31203,low
13200,high
4069,low
1295,low
5399,low
21091,low
29571,low
20373,low
10266,low
2055,low
21791,low
3380,low
670,low
13737,low
23506,low
31223,low
22674,low
15112,low
23225,high
29992,low
22959,low
22330,low
3077,high
1344,low
26787,low
497,low
2734,low
4813,low
11852,high
2197,low
23634,low
4377,low
23513,low
5601,high
16895,high
10838,low
21135,low
30167,low
4484,low
20453,low
30238,low
12067,low
19082,low
22712,low
15354,low
18617,low
8108,low
20440,low
16778,high
18432,low
4515,low
10247,low
8638,low
2260,low
27574,low
9322,low
32123,high
6380,low
27802,low
21112,low
19739,low
1725,low
24233,low
4823,low
32438,high
23519,high
27882,low
4931,low
24016,low
32032,high
16552,low
21025,low
14285,high
28150,low
25552,low
20663,low
28839,low
11267,low
23078,high
5743,low
4179,low
30782,low
7187,low
10164,low
27553,low
21869,low
19347,low
19045,low
6338,low
6672,low
4844,low
21145,low
31847,low
16846,low
17973,low
13419,high
25496,low
10433,low
13731,low
30898,low
23383,low
26113,high
26212,low
4216,low
14625,low
30071,low
19200,low
17223,low
17145,low
4180,low
7893,low
11615,high
19751,low
26242,low
12872,low
6478,high
8079,low
27060,low
28509,low
8944,low
19556,low
5434,low
17654,high
20897,low
30817,low
14783,low
20324,low
25888,low
6884,low
20069,low
1329,low
6665,high
5290,low
13816,low
14817,low
19667,low
21054,low
29748,low
9052,low
8888,low
10076,low
16070,low
13607,low
224,low
20681,low
18445,low
22879,low
440,low
9133,low
25118,high
12396,low
14089,low
30690,high
23270,low
10669,low
3457,low
18809,high
8663,low
5764,high
28082,high
13524,low
20030,low
15640,low
5622,low
6179,low
11817,low
27365,high
8266,high
20597,low
26390,low
19243,low
27501,low
22126,low
5814,low
4440,high
4428,high
16518,low
7361,low
29389,low
16570,low
7116,low
27467,low
29515,low
27558,low
7083,high
4508,low
27335,low
2798,low
28647,low
29479,low
29995,low
7324,low
10834,low
5555,high
9415,low
26439,low
5342,low
16938,high
10348,low
24966,low
14126,low
23509,high
9118,low
6719,low
24444,low
23791,low
20398,low
20958,low
2032,low
24156,high
14375,low
14601,low
19570,low
25760,high
30336,low
15452,low
3546,low
8215,low
17788,low
30595,low
16815,low
18002,low
3043,low
29818,low
20204,low
28006,low
4683,low
27270,low
6584,low
19948,low
2349,low
17729,low
30890,high
27485,low
3658,low
8118,low
19985,low
24096,low
16339,low
15998,high
8904,low
22580,high
13869,low
18099,low
13246,low
18899,low
166,low
28281,low
12227,low
4846,low
12448,low
16125,low
25546,low
16202,low
15898,low
25956,low
30911,low
29765,low
22825,low
29636,high
18460,low
20347,low
32136,low
30145,low
17491,low
1534,low
13132,high
12877,low
22590,high
19929,low
21527,high
16068,low
24997,low
27726,low
21409,low
27742,low
13300,low
23205,low
32030,low
20486,low
24884,low
23246,low
9880,low
29221,low
5119,low
8341,low
13297,low
17662,high
7981,low
3600,low
8371,low
12727,low
20188,low
12407,low
25565,low
23841,high
15708,high
10078,low
3826,low
31354,low
17674,low
24908,low
8129,low
377,low
13992,low
475,low
6691,low
8396,low
4235,low
6205,high
1918,low
11498,high
3999,low
25750,low
1588,low
4434,low
31379,low
24082,low
12204,high
26011,low
23534,low
909,high
4954,low
30856,low
11064,low
12120,high
21961,low
9000,low
26464,low
2073,low
8433,low
23809,low
20361,low
16609,low
31155,low
30374,high
28960,low
1187,low
17915,low
24100,high
3165,low
22117,low
8731,low
182,low
28674,low
18247,high
22799,low
8957,high
19536,low
25364,high
39,high
5607,low
17313,low
5036,low
32116,low
8508,low
6328,low
15383,low
4100,low
22584,low
26167,low
1356,low
26672,low
27538,low
22606,low
23088,low
3315,low
16077,low
20485,low
14885,low
9395,low
27913,low
2443,low
9341,low
427,low
22963,low
17722,low
28660,low
12725,high
15796,low
31028,high
29936,low
6543,low
4680,high
24361,low
7885,low
16959,low
25966,high
6604,low
21583,low
14947,low
19106,low
18146,high
32126,low
24501,low
21330,low
2889,low
16834,low
12319,high
22635,low
24674,low
9800,low
21936,low
18891,low
5724,low
22346,low
9746,low
14556,low
14567,low
32399,high
15479,low
7233,low
3715,low
21220,low
15317,low
30281,low
5005,low
26277,high
2593,high
23997,low
9588,low
4700,low
9006,low
23037,low
7211,low
31315,low
10887,high
26698,low
11153,high
27876,high
17409,high
19336,low
31068,low
7956,low
29740,low
30987,low
29759,low
16943,low
15240,low
5761,low
1127,low
9010,low
3792,high
31936,low
14033,low
28285,low
31911,low
23773,low
4504,low
7627,low
30877,low
16877,low
28369,high
21611,low
16728,low
24068,low
2289,low
19174,low
25781,low
21697,low
12798,low
15172,high
15487,high
18856,high
21840,high
22901,low
10199,high
29456,low
28465,low
2542,low
17289,low
10727,high
4473,low
24333,low
19160,low
27294,low
11280,low
28427,low
13568,low
6222,high
21147,high
10109,high
25224,low
31238,low
4189,low
29016,low
28514,low
7877,low
6649,low
543,low
3693,low
26832,high
29630,low
30719,low
24269,low
3483,high
9216,low
9914,low
21149,low
31322,low
19259,low
24616,high
30739,low
17078,low
9870,low
13803,low
15896,low
5717,low
25021,low
8951,low
6223,low
8412,high
17312,low
27114,low
17697,low
29857,high
11457,low
5699,low
20621,low
21878,low
13324,low
5105,low
7757,high
31378,low
7886,low
15670,high
24097,low
18472,low
27096,low
5533,low
14702,low
30566,high
21201,low
23546,high
13885,low
5437,high
12620,high
4188,low
13189,high
22968,high
30358,low
3436,low
4163,low
2551,low
18612,low
13408,low
12209,low
5536,low
14153,low
6790,low
15330,low
11756,low
13833,low
8224,high
23424,low
5413,low
23866,low
16664,low
23477,low
23283,low
3355,low
23041,low
13844,low
14768,low
11272,low
7946,low
3169,low
27618,low
5276,high
6610,low
8398,low
7508,low
3030,low
22019,low
12878,low
8926,low
30269,low
7590,low
19579,low
26657,low
5220,high
25074,low
20734,low
15921,low
12997,low
23886,low
13886,low
25465,high
15453,low
13235,low
21184,low
29797,low
8264,low
20684,high
296,low
28324,low
10703,low
15445,low
31439,low
27582,low
7695,low
20054,low
9994,low
32439,low
13144,low
27607,low
689,low
5582,low
14219,low
8377,high
857,low
16298,low
17384,low
23779,low
14259,high
30969,low
7225,low
5874,low
2536,low
21420,low
24567,low
31666,low
21421,low
18986,low
19341,high
17502,high
3365,high
502,low
25986,low
8420,low
15078,low
7535,low
16277,low
4336,low
21519,low
19144,low
10894,low
1540,low
3352,low
27043,low
6579,low
7067,low
24128,high
500,low
5574,low
2653,low
1434,low
26055,low
318,low
22826,low
27903,low
24575,low
16988,low
31259,low
16316,low
26407,low
20695,low
11219,high
22535,low
26202,high
2658,low
14042,high
4802,low
27598,low
17789,high
13315,low
28103,low
7227,low
26381,low
2284,low
6367,low
8684,low
9509,low
3361,low
12747,low
28804,low
31516,high
27453,low
2838,low
23857,low
15840,low
140,low
30910,high
6257,low
20613,low
26603,high
7507,low
18907,high
7899,low
14034,low
24578,low
6988,high
8555,low
1467,high
17111,low
2451,low
893,high
31824,low
18060,high
28022,low
12926,low
22362,low
17034,low
32508,low
9075,low
13757,low
8211,low
4487,low
14316,low
13935,low
30979,high
3183,low
23202,low
17545,low
9640,high
24639,low
10350,low
3563,low
9725,low
16735,low
12089,low
11715,low
9210,low
21659,low
25797,low
30585,low
8332,low
9683,high
23320,low
8349,low
12516,low
25972,high
2706,low
26977,high
10729,high
19411,low
12988,low
3191,low
10558,low
4962,low
29808,high
22640,high
28077,high
17007,low
17009,low
31428,low
25413,low
20496,low
1826,low
7737,low
6780,low
9238,low
14686,low
19431,low
8347,low
21907,low
29491,low
18264,low
8182,low
7,low
12834,low
6389,low
28380,low
30535,low
9903,high
10515,low
12797,high
21682,low
26991,low
13187,low
25874,high
22112,low
22192,low
6464,low
19228,low
28269,low
3112,low
14991,low
16607,high
30460,low
240,high
31612,low
5066,high
8675,low
20795,high
27134,low
25381,high
11399,low
8832,low
760,low
23852,high
16318,low
19653,low
21078,low
2596,low
5580,low
4116,low
19056,low
1186,low
11698,low
2668,low
7873,low
22796,low
5931,low
4354,high
17277,high
13979,low
20851,low
20541,low
28266,high
28035,low
6323,low
8900,low
3383,low
30259,high
25515,low
18897,low
10250,low
26006,low
2330,high
1724,low
13859,low
28684,low
16066,high
25839,low
10678,low
31113,low
30128,high
22810,low
20566,low
24630,high
3238,high
19545,low
16161,high
18728,low
24478,low
12869,low
17536,low
21053,low
7240,low
14136,low
32551,low
8733,low
30386,low
11392,low
24430,low
21402,low
5741,low
17085,low
19728,low
24945,low
27823,low
3489,high
19692,low
29670,low
2992,low
22300,low
31773,high
9670,low
24682,low
29073,low
23800,low
10774,low
11806,low
20548,low
2710,low
19602,low
25185,low
3918,low
24291,low
12374,low
11078,high
21288,low
26413,low
11722,low
24504,high
3651,high
16147,low
4401,high
20867,low
26909,high
24066,low
31575,low
23649,high
5800,low
24981,low
18160,low
30966,low
12597,high
18118,high
22672,low
21237,low
29655,high
21624,high
5338,low
18596,low
6764,low
29755,high
10120,low
1181,low
26191,low
2780,low
20300,low
24433,low
28092,low
933,low
14058,low
19761,low
31458,low
8358,low
24481,high
14093,low
13758,low
13059,low
26138,low
30464,low
21835,high
844,low
24189,low
24111,low
10484,low
26667,low
21956,low
27007,low
19314,low
11825,low
10032,low
31867,low
19988,high
17463,low
16888,high
16432,low
20018,low
7659,high
23132,low
11662,low
29607,low
23742,low
18344,low
29671,low
16134,low
7729,low
28173,high
9092,low
27258,low
876,low
25119,low
23941,low
16766,low
24292,low
20708,low
30600,low
13356,low
8406,low
28728,high
5987,low
25282,low
16024,low
26449,low
20996,low
12422,low
29568,low
7430,low
17018,high
3783,low
17175,low
3966,high
7934,low
5095,low
25702,low
26300,high
26283,low
9937,low
29364,low
1603,low
3151,low
18770,low
8551,low
24767,low
23047,low
7596,low
24009,low
1646,low
5657,low
25905,low
11461,low
15844,low
28450,high
21761,low
24317,high
5957,low
3426,low
14047,low
19899,low
14450,low
26785,low
2149,low
12948,high
9098,low
16492,high
3751,low
10752,high
13662,low
5892,low
7904,low
15586,high
31514,low
9769,high
12111,low
30934,low
3939,low
10903,low
9119,low
10060,low
10092,low
3441,low
1005,high
2383,low
13375,low
1956,low
761,low
6036,low
12071,low
25310,low
1907,low
19705,low
23323,low
6603,low
9077,low
18919,low
4833,low
26695,low
27857,low
28278,low
19092,low
13385,high
17372,low
12938,low
26299,low
2553,low
29018,low
17886,low
11846,low
25495,low
20196,low
2002,low
30581,low
26226,low
29702,low
19864,low
112,high
24912,low
21116,low
12057,low
29068,low
21106,low
25906,low
11435,high
29337,low
9982,high
3513,low
30960,low
22169,low
907,low
16175,low
3946,low
15637,low
4529,low
11666,low
21036,low
11072,low
14760,high
30201,low
13510,low
12079,low
21731,low
8240,low
12157,low
26236,low
4347,low
24749,high
30445,low
27262,low
26501,low
10467,low
23,low
14107,low
4759,low
29423,low
18542,high
23829,low
12838,low
4167,low
23317,high
20985,low
8870,low
28903,low
1364,low
10365,low
18629,high
9073,low
20307,low
700,low
8077,low
11986,low
30866,low
10582,high
2808,low
18790,low
8581,high
23753,low
24938,low
27978,low
12115,low
474,low
8435,low
27280,low
17663,low
19681,high
12829,low
23968,high
25737,low
1768,high
21088,low
2143,low
18110,low
14867,low
3787,low
28086,low
29774,high
30556,high
8634,low
10815,high
27180,low
28267,high
25498,low
30278,low
15752,low
5025,low
10108,low
27290,low
1200,high
21337,low
30805,low
1447,low
3057,low
3729,low
23701,high
21284,low
14628,low
16997,low
13769,low
23495,low
7865,low
6796,low
11579,low
24914,low
9806,low
4705,low
23456,low
5206,low
17242,low
24266,low
8909,low
11811,low
27885,low
620,low
6831,low
25455,low
24489,low
7566,low
9502,low
27614,high
27083,low
18758,low
16652,low
18378,low
27408,low
31298,low
23611,low
21890,low
26520,low
29966,low
22596,high
8190,low
5408,low
10476,low
4083,low
17374,low
13834,low
1548,high
14223,low
9309,high
16174,high
30808,low
30771,low
15585,low
25327,low
15365,low
14436,low
22407,high
6934,high
5774,low
14713,low
26116,low
30636,low
25286,low
3609,low
17522,low
16336,low
25799,high
7480,low
13858,high
20752,low
28696,low
27953,low
27907,low
19702,low
28968,low
25931,low
30645,low
28315,low
5141,low
5633,low
29275,high
6029,low
1954,low
2137,low
11627,low
22113,low
18874,low
17486,low
23163,low
18292,low
31039,low
32253,low
17130,high
22398,high
21816,low
32527,low
15801,low
11962,high
28976,low
9019,low
18393,low
20511,low
20855,low
28421,low
26820,low
11958,low
18598,high
16556,low
15526,low
25667,low
24950,low
5404,low
31625,low
3036,low
4181,low
26649,low
8997,low
11997,low
25900,low
1857,low
606,high
16628,low
4,low
18556,low
5067,low
29898,low
12047,low
9944,low
27381,low
19825,low
21747,low
30758,high
424,low
30026,low
11337,low
21800,low
25442,low
20332,low
12028,low
21605,high
16361,low
13584,low
26210,low
29349,low
8035,low
21693,high
22376,low
26926,high
30847,low
17435,low
17448,low
9492,low
20232,low
15114,low
29328,high
8008,low
28032,low
15327,low
31288,high
7400,low
15032,low
9025,low
27535,low
14655,low
2900,low
21095,low
13620,low
878,low
27587,low
11850,high
5210,low
2928,low
24934,low
26078,low
14177,low
17971,low
7215,low
20163,high
10405,low
13653,low
4489,low
31132,low
10728,low
22784,low
17436,high
1292,low
902,low
23461,low
340,low
24170,high
21485,low
18579,low
16372,high
7150,low
394,low
14329,low
20410,low
21454,low
11586,high
20082,low
9218,high
10116,low
9150,low
27274,low
3782,low
167,low
550,low
16135,low
12434,low
2765,low
32448,low
2629,low
6968,low
6503,low
9542,low
11216,low
9432,low
2769,low
10401,low
19569,low
21982,low
9281,low
27310,low
28878,low
19982,low
28167,low
17959,low
10469,low
13034,low
2541,low
2414,high
25575,low
20290,high
25307,low
12479,low
25892,low
31614,high
6413,low
3477,low
27886,low
19252,low
7537,low
24537,low
26642,low
20756,high
24126,low
4618,low
9538,low
25943,low
27762,low
21269,low
2047,low
26645,low
18228,low
25276,low
25622,low
8762,low
30245,low
30865,low
22894,low
21113,low
22587,low
21501,low
24424,high
26912,high
2229,low
7547,low
12217,low
1877,high
30001,low
21121,low
24165,low
32063,high
10018,low
21768,low
14129,low
2044,high
16847,high
31008,high
17348,low
8385,low
26756,high
18504,low
19124,low
11313,low
28302,low
8725,high
8279,low
12146,low
6807,low
18224,low
19357,low
16341,low
23437,low
1861,low
20821,low
6921,low
1077,low
19407,low
20905,low
27710,low
31231,high
6825,high
15779,low
19638,low
21854,low
19317,low
29673,low
31470,low
29294,low
11071,low
28361,low
28329,low
29047,low
15562,low
16739,low
18353,low
4950,low
5948,low
19619,low
2045,low
12847,low
18130,low
19417,high
12837,high
28945,low
2368,low
29346,low
563,low
6814,high
13486,low
12096,low
18482,low
1580,low
25204,high
13280,low
3717,low
20704,low
30470,low
5369,low
12540,low
29739,low
28184,low
15323,low
2406,low
5088,high
6212,high
21596,low
32047,low
8230,low
18901,low
10722,low
28464,low
31744,high
3743,low
1659,low
17081,low
3924,low
19541,low
6485,low
11844,low
19884,low
28572,low
22865,low
28287,low
6262,low
3701,low
22248,low
2224,low
5631,low
20934,low
30662,low
23820,low
30507,low
13359,low
11439,low
13096,high
17735,low
13197,low
19944,low
14226,high
15184,low
26142,low
2960,low
7496,low
20732,low
7127,low
9093,high
23491,high
24080,low
11208,low
4634,low
22066,low
17048,high
5422,low
1617,low
17945,high
10306,low
5388,high
32156,high
14341,low
17115,high
18210,low
21557,low
29403,low
29334,low
28439,low
10819,low
25357,low
16981,low
25311,high
4402,low
26731,low
27852,low
10259,low
21690,low
23364,low
11383,low
1448,high
21317,low
17528,low
30586,high
18682,low
31299,low
13277,low
29131,high
18085,high
30395,low
14951,low
28295,low
25770,low
9543,low
2605,low
10216,low
30316,low
637,high
27277,low
18607,low
15139,low
19615,high
31244,low
25450,low
992,low
30587,low
52,high
26910,low
11290,low
19453,low
23591,low
19085,high
1860,low
18903,low
4797,high
16571,low
15457,low
18273,low
6688,low
5924,low
3171,high
25974,low
24253,high
7047,low
3860,high
29596,low
8533,low
30131,low
19069,high
3637,low
26349,low
11645,low
32106,low
12602,high
29554,low
13617,low
28484,low
6530,low
22464,low
12056,low
11298,low
8579,low
19748,low
15024,low
5327,high
25562,low
14671,low
25964,low
4860,low
1938,high
23138,low
32181,high
409,low
10695,low
13358,low
10206,low
996,low
26222,low
8469,low
8800,low
11321,low
32464,high
1730,low
10447,low
20800,low
16977,low
6609,high
21980,low
25668,low
9790,low
10003,high
16678,low
4063,low
25094,low
753,low
28895,low
29511,low
15735,low
13456,low
10134,low
19897,low
12398,high
3379,low
29165,low
17994,low
976,low
31189,low
15554,low
10629,low
1984,high
20759,low
30826,low
25728,low
2783,low
27450,low
16319,low
11542,high
11226,low
16049,low
2564,low
492,low
7460,high
16254,high
4798,low
18582,low
8975,low
20288,high
15216,low
19802,low
11762,low
1429,high
18045,low
5333,low
3564,high
21496,low
11341,low
7887,low
4565,high
11970,low
24159,low
15482,low
21896,low
25449,high
25414,high
1028,low
2986,low
21622,high
20245,low
8348,low
32248,low
30967,low
22313,low
28073,low
19656,low
28048,low
16213,low
18653,low
15694,low
33,low
25095,low
23264,low
132,low
14755,low
11933,high
14968,low
28240,low
12658,low
27113,low
14139,low
31896,low
24265,low
8728,low
8452,low
15841,low
3115,low
1691,low
24555,low
32378,low
21327,low
9457,low
3970,low
29868,low
30317,low
4957,low
31420,high
20836,low
12585,low
14819,low
16800,low
29262,low
16020,low
5166,high
1720,low
8021,low
5768,low
11154,low
3705,low
30724,low
8090,low
9867,low
23518,high
11241,low
5269,low
16332,low
3585,low
13595,low
4011,low
28657,low
10776,low
17092,low
9611,low
18336,low
19408,low
12394,high
17275,low
13516,low
1577,low
1919,low
20575,low
13800,low
12678,low
6587,low
6722,low
5656,low
24319,high
7425,low
6062,low
1117,low
11248,high
29242,high
3777,low
1745,low
26721,low
4975,low
18476,low
27212,high
4937,low
14268,low
27004,low
23252,low
17688,low
5348,low
211,low
5351,low
1065,low
2508,low
4378,low
18246,low
23725,low
23095,low
4992,low
18428,low
13519,low
32293,low
25380,low
8106,low
9154,low
10045,low
25587,low
14751,low
21998,high
2122,low
13633,low
26816,high
16751,low
27172,low
7858,low
30360,low
11022,low
24468,low
28376,low
25530,low
20045,high
15695,low
19588,low
23159,low
30538,low
4148,low
19983,low
16259,low
6747,low
27074,low
23872,low
24412,low
28720,low
23011,high
4294,low
26358,low
31323,low
7251,low
20767,low
1904,high
699,low
7816,low
25875,low
12582,low
17842,low
5052,low
14427,low
15968,high
30207,low
23334,high
169,low
16451,low
5264,high
29287,low
12782,high
26475,low
10269,high
17585,low
3528,low
31778,low
21555,low
26918,low
12549,low
17198,low
10507,low
4400,low
16219,low
20839,low
14661,high
6655,low
9375,low
9804,low
31887,low
4410,low
24203,high
25494,low
17488,low
14512,low
22827,high
2482,low
3526,low
30043,low
32208,low
31854,low
3156,low
168,low
32162,high
17749,low
7552,low
5646,low
26728,low
25675,low
1764,high
17283,high
29778,low
11641,low
21293,low
28862,low
2343,low
14511,low
30953,low
28071,low
18845,low
19291,high
26957,low
17490,low
23458,low
7961,low
7469,low
13115,low
11065,low
25571,low
27827,low
14063,high
20503,low
2716,high
20116,low
17316,low
8141,low
13213,low
14616,low
9950,low
5386,low
1237,low
13721,low
23879,high
4810,low
28129,high
31329,low
11262,low
7662,low
17977,low
20280,low
10381,low
25689,low
30425,low
24302,low
6086,low
12644,low
14753,low
4710,low
26765,high
5256,low
12158,low
21684,low
3334,low
19852,low
2202,low
13940,low
30157,high
32559,low
13715,low
19696,low
14517,low
29920,low
18572,low
2827,low
18708,low
21646,low
22185,low
11101,low
23899,low
6497,low
7031,high
3909,low
29148,low
3920,low
19350,low
10188,low
30840,low
382,low
25079,high
379,low
1697,low
605,low
24417,low
14570,high
4820,low
17890,low
31531,high
19272,low
11429,low
12804,low
17509,low
14610,low
8468,low
15379,low
31486,low
14353,low
28322,low
8251,high
860,low
16615,low
22490,low
23799,low
31881,low
14756,low
11877,low
18789,low
10072,low
14566,low
1253,low
5843,low
22727,low
16902,low
7779,low
3668,low
32281,high
23439,high
14062,low
28881,low
27551,low
17173,high
6652,low
2529,low
12412,low
15620,low
29942,low
3135,low
15522,low
21820,low
31802,high
7878,high
30136,low
10833,low
26192,low
6458,low
22953,high
17138,low
9190,low
7526,low
12203,low
22287,low
19632,low
5150,low
23635,low
17875,low
20189,low
11737,low
25349,low
14682,low
20763,low
6470,low
6514,high
5086,low
7718,high
14271,low
5634,high
7174,low
24840,high
14647,low
10816,low
15599,low
4580,low
17615,low
30514,low
3559,high
12835,low
15362,low
22667,high
7229,low
3010,low
26229,low
15091,low
16132,low
28310,low
3859,low
32538,high
2651,high
7424,low
26248,low
5697,low
25016,low
29184,low
236,low
19304,low
26255,low
31046,low
831,high
8683,low
9465,low
26015,low
19949,low
2573,low
7564,low
32168,low
11709,low
2035,low
16864,high
31334,low
15718,low
24620,low
7501,low
1399,low
9965,low
3689,low
9074,low
32292,low
12665,high
24306,high
23026,low
13690,low
8713,high
10074,low
6052,low
6759,low
4186,low
2271,low
21438,low
22909,high
5111,low
3661,low
11487,low
14799,low
21600,low
102,low
30643,low
24027,low
10817,low
21346,low
6942,high
4654,low
14240,low
6104,low
24146,low
14831,high
8056,low
15712,low
13473,low
561,high
31690,low
10697,low
15412,low
19743,high
25761,low
8404,low
9740,low
29063,low
18325,low
2679,low
4993,low
21249,low
9062,high
4987,high
7024,low
11150,low
28760,low
8672,low
10057,low
18788,low
12128,low
27415,low
14262,low
5299,low
2319,high
8115,low
1083,high
16156,low
1886,low
6686,low
13681,low
28236,low
9600,low
6895,low
13709,low
2469,low
9690,low
24799,low
28792,low
24541,low
31956,low
25133,low
23933,low
272,high
7185,low
8303,low
21758,low
22946,low
12574,low
19332,low
2818,low
23890,high
14124,low
19841,low
31890,low
26868,low
15326,high
3344,low
1275,high
18939,low
31856,low
12001,low
25860,low
6032,high
32344,low
1694,high
11655,low
19063,low
24191,low
14741,low
14863,low
26238,low
19522,low
32061,high
6083,low
16947,low
31406,high
21153,low
25768,low
415,low
25386,low
96,high
26175,low
859,low
17529,low
3981,low
7754,low
2499,low
18406,low
15543,high
9160,low
27203,low
27196,low
7720,low
18510,low
32149,low
6585,high
4555,high
5783,low
25059,low
7192,low
12143,low
18074,low
186,low
16018,low
26008,low
27865,low
9705,high
22685,low
26948,low
13273,high
12186,high
30088,low
8204,low
2895,low
26640,low
6614,low
19972,low
8130,low
13764,low
25304,low
14551,low
11876,low
8084,high
21430,high
7310,low
28146,low
3922,low
22400,low
10977,low
31071,high
8968,low
923,low
7966,high
23151,low
6811,low
23902,low
26663,low
14293,low
31952,low
27206,low
30262,low
6467,low
15927,low
25744,low
7847,low
10826,low
26596,low
21290,high
11996,low
10879,high
10140,low
10358,low
27547,high
83,low
6228,low
258,low
14993,low
8006,low
27956,high
31367,low
18282,low
2832,low
28713,low
26397,low
16023,low
29314,low
22994,low
1490,low
15929,low
26448,low
30583,low
17676,low
5900,low
24731,low
1913,low
15082,low
5279,low
10426,low
16856,low
13961,low
13954,low
20609,low
19874,low
16896,low
9591,low
3695,low
19475,high
24605,low
20475,low
24323,low
18499,low
30333,low
14245,low
12909,high
2874,high
30419,low
22435,low
10402,low
21225,low
28600,low
21492,low
22840,low
27455,low
22721,low
14421,low
14830,high
14878,high
10667,high
6140,low
27640,high
19771,low
13818,low
32037,low
26562,low
9989,low
19470,low
2746,low
14138,low
5664,low
8155,low
26694,low
6871,low
18902,low
7894,low
19477,low
12629,low
1600,low
32303,low
10042,high
12801,low
11152,low
15056,low
20764,low
19132,low
25405,low
27200,high
2347,low
15731,high
14318,low
3067,low
14334,low
23203,low
31754,low
31418,high
1132,low
18009,high
18786,low
31290,high
13440,low
3533,low
21842,low
29371,low
29031,low
12826,low
25108,high
18699,low
28158,low
17035,low
10046,low
14152,high
12195,low
7241,low
15630,high
2037,low
19766,low
864,low
6241,low
5216,low
22680,low
22404,low
32429,high
22177,low
14417,low
7308,low
3394,low
1500,high
18429,low
20924,low
28017,low
16625,low
26200,low
26758,low
11139,low
29092,low
22488,low
2503,low
22082,low
21680,low
1137,low
24805,low
8119,low
5572,low
30786,low
7553,high
31156,low
14678,low
18791,low
3612,high
20261,low
19211,low
19914,low
13380,low
27812,low
1538,low
30530,low
13174,low
27264,low
28947,low
15880,high
75,low
30178,low
13374,low
7519,low
7280,low
15099,low
28822,low
22081,low
31865,low
13942,low
31874,low
30997,low
23122,low
31983,low
14480,low
10645,low
5505,low
26680,low
14265,high
12756,low
7665,low
15783,low
509,low
17960,low
32503,low
7163,high
18994,low
1122,low
24670,low
31030,low
8081,high
19287,low
20388,low
19210,low
20570,low
48,low
610,low
16295,low
7588,low
13875,low
21570,low
16600,low
13636,low
30942,low
29982,low
24629,high
24242,low
23909,low
868,low
25480,low
13792,low
4643,low
8166,low
2613,low
7260,low
31054,high
19161,low
5880,low
4076,low
1340,low
21988,low
6436,low
7297,low
27597,low
7334,low
25814,low
6561,low
22591,high
10849,high
5065,low
13053,low
9403,low
7569,low
29677,low
22247,low
14433,low
26778,low
16654,low
27159,high
5801,low
30906,low
9634,low
26424,low
15004,low
8283,high
1808,low
1890,low
12358,low
12613,low
24211,low
3866,high
15214,low
901,low
23212,low
16629,low
10434,low
15645,low
4292,low
18990,high
19223,low
14392,low
16501,low
26678,low
29000,low
28818,low
4492,high
25683,low
27459,low
20582,low
31433,low
26594,low
26588,low
6013,low
24564,low
25786,low
17678,low
31735,low
5682,high
27712,low
25820,low
9110,low
24345,low
802,low
3311,high
21486,low
2056,high
24969,low
2490,low
5706,low
16305,low
30327,low
14003,high
23807,low
17893,low
11908,low
18563,low
27810,high
8993,low
8381,low
13825,low
13745,low
23805,low
7206,low
27423,low
30721,low
26714,low
21535,low
7020,low
21691,high
25279,low
26935,low
30553,low
3163,low
14238,high
32524,low
28168,low
15301,low
13899,low
19994,low
9601,low
12336,low
20112,low
9346,low
710,low
5974,low
22893,low
13054,low
1096,low
8644,low
12764,low
19123,low
4649,low
14537,low
31086,low
28635,low
23945,low
27435,high
5573,low
6611,low
6275,low
25979,low
20606,low
19571,low
14247,low
19385,low
8061,low
12612,low
6243,low
8460,low
29213,low
15393,low
13714,high
7360,low
11725,low
5926,low
6048,low
31942,low
27924,low
3520,low
957,low
28714,low
4296,low
28052,low
6349,high
32514,low
9036,low
24212,low
31373,low
6551,low
26085,high
21836,low
2080,low
6023,low
15762,low
22440,low
12482,low
8045,low
16692,low
26204,low
16478,low
21571,low
24502,low
23574,low
20957,low
19281,low
15818,low
1804,low
6986,low
27279,low
27964,low
20369,low
20586,low
18262,high
9203,low
3956,low
14451,low
13282,high
28040,low
8880,high
18776,low
9774,low
25078,low
22804,low
9771,low
25479,low
18949,low
3608,low
25775,low
21082,low
4516,low
18764,high
30750,low
7348,low
25260,high
3912,high
1284,high
30778,high
17342,low
29801,low
11042,low
8345,low
25854,low
1105,low
15634,low
5473,high
13964,low
28964,low
13647,low
27872,high
16618,low
19930,low
24300,low
13887,low
24384,high
28134,high
24188,low
9835,low
22625,low
23878,high
11781,high
30862,high
19803,low
23490,low
15209,low
9511,low
32298,low
14802,high
11909,low
12086,low
7494,low
14128,low
9422,low
28313,low
10509,low
31419,low
1793,low
1139,low
7645,low
18956,low
13613,low
8823,low
17563,high
24403,low
18996,low
26606,low
9925,low
6313,high
10524,low
6791,low
9692,low
4226,low
30904,low
11707,low
11571,low
767,low
32470,high
6302,low
19839,low
655,low
21751,low
31789,low
7184,high
26305,low
27814,low
27428,low
31157,low
30965,low
27493,low
2791,low
5124,low
5903,low
17498,low
5811,low
9262,low
12078,low
31774,low
8962,high
76,low
13472,low
22539,low
5189,low
25175,low
3986,low
7516,low
15946,low
18148,low
18355,low
11917,low
26914,low
22673,low
8803,low
2914,low
23712,high
12021,high
14902,low
17874,low
18347,low
16099,low
30005,low
8693,low
26915,low
25181,low
12102,low
24846,low
12136,low
18637,high
20956,low
24132,low
12691,low
6311,low
6034,low
7141,low
12480,low
16145,high
9474,low
22461,low
24081,low
11112,low
25243,high
3511,low
2616,low
31058,low
31522,low
9117,low
19767,low
29521,low
17194,low
31656,low
28199,low
19940,low
17453,low
31907,high
30702,low
20687,low
4055,high
3127,low
31183,low
8306,low
30018,low
2839,low
153,low
13780,low
5751,low
20431,low
20319,low
29839,high
24523,high
21447,low
22717,low
17852,low
7953,low
18338,low
31681,high
17332,low
13426,low
25639,low
7231,low
13740,low
9078,low
10525,low
3080,high
26534,low
12657,low
9332,low
15097,low
2157,high
6829,low
8905,low
9258,low
26043,low
32187,low
11127,low
19808,low
7098,low
18168,low
11755,low
32048,low
23398,high
17102,high
24459,low
28609,low
13610,low
21067,low
21911,low
14965,low
20252,high
14190,low
21020,low
21350,low
5277,low
29315,low
28979,low
21183,low
28408,low
14041,high
235,low
25715,low
10477,low
5592,low
16588,high
29286,low
31152,low
1071,high
20650,low
7120,low
3062,low
14807,low
16363,high
19444,high
12881,low
10006,low
26782,high
27481,low
23556,low
29648,low
1276,high
23357,low
26261,low
1604,low
29260,low
14696,low
27240,high
20035,low
2274,low
5297,low
19437,high
24642,low
26039,low
12614,low
28263,low
31324,low
16993,low
237,high
5502,low
19412,low
31168,low
7417,low
5429,high
18889,low
13263,low
11123,low
3618,low
31653,low
14975,low
9456,low
30663,low
25501,high
14891,low
15042,low
348,low
28122,low
17308,low
12442,low
9638,low
21343,high
16697,low
4549,high
21764,low
31694,low
823,low
28973,low
5134,low
28982,low
11319,low
18855,low
15170,low
8599,high
17934,high
217,high
18697,low
30091,low
8490,high
21336,low
20198,low
23533,low
22846,low
5711,low
30039,low
10159,high
18298,low
30097,low
24040,low
24553,low
25403,low
20866,low
19680,low
16801,low
25144,low
24252,low
26676,low
20430,low
12706,low
17748,low
14529,high
14974,low
26617,low
6442,low
17410,low
12234,low
28771,low
11681,low
11861,low
20473,high
5053,high
16604,high
28235,low
21219,low
2498,high
14506,low
27803,low
14992,high
531,low
5784,high
18461,low
3044,low
20208,high
2691,low
23480,low
30332,low
16818,high
10873,low
20383,low
23795,low
27610,high
25606,low
3667,low
14180,low
27795,low
6369,low
13915,low
15122,high
1602,low
7656,low
2989,high
4467,low
6372,low
28117,low
22707,low
28058,low
27278,low
16957,low
20425,low
32410,low
13463,low
4389,high
18644,low
234,low
26786,low
962,high
10377,low
30220,low
9135,low
20945,low
2270,low
21975,low
25354,low
16344,low
17240,high
6660,low
4598,low
23728,low
6492,high
21695,low
22107,low
30447,low
2184,high
30060,low
22601,low
3754,low
1844,low
13857,low
19034,low
629,low
26556,high
22884,low
18829,low
29467,high
28333,low
19806,low
9978,low
17825,low
9017,low
11904,high
7304,low
28778,high
31518,low
9622,low
18505,low
7351,high
15469,low
31347,low
6120,high
7379,low
5037,high
22316,low
20594,low
14405,low
24591,low
10556,low
6613,low
22605,low
3989,low
19251,low
31526,low
9291,low
6071,low
28965,low
20309,high
8922,low
26867,low
16483,low
30839,high
13565,high
25520,high
12604,high
23008,high
21397,high
20370,low
9563,low
4298,low
19089,low
15396,low
19521,low
13024,low
18424,low
3898,low
21022,low
3286,low
19765,high
32182,low
1959,low
25219,low
1787,high
2003,low
28956,low
12183,low
31019,low
14051,low
17154,high
10344,low
11189,low
25114,low
10336,low
29858,low
19720,low
18798,low
5389,low
12955,low
24392,low
8373,low
28426,low
28192,low
3823,low
13612,low
16971,low
30949,low
12221,low
10450,low
9759,low
30024,low
5044,high
30427,low
3446,low
20225,low
31827,low
2148,low
11911,low
31327,high
739,high
6449,low
827,low
28162,low
23392,low
19188,low
23863,low
12325,low
10376,low
29250,low
17848,low
6714,high
30992,low
16532,low
18180,low
23177,high
5520,low
29542,low
30492,low
9513,low
21885,high
21657,high
956,high
22322,low
27457,low
24011,low
5031,low
18671,low
25645,low
30461,low
18186,low
24974,low
25659,low
1608,low
13832,low
27760,low
13640,low
26140,low
25828,high
21170,low
14785,low
31,low
7198,low
1499,low
29451,low
10291,low
22370,low
769,low
11386,low
22486,low
8849,low
17538,high
202,high
3218,high
31933,low
4528,low
6958,low
12599,high
163,low
16309,low
27465,low
5173,high
26066,low
6244,low
19420,low
16425,low
18659,low
27684,low
32038,high
26864,low
26492,low
8286,low
24174,low
7632,low
1829,low
31648,low
28745,high
8539,low
16514,low
27461,low
26364,low
25366,low
29975,low
25818,low
3025,low
21435,low
1678,low
16021,low
32479,low
4027,low
20085,low
1591,low
11049,low
4909,low
2565,low
3683,low
22027,low
31182,low
32180,low
20470,low
4098,low
16574,low
16370,high
18003,low
30210,low
2898,low
25146,low
29949,low
32556,low
26257,high
30223,low
21620,low
25477,low
18879,high
877,low
25132,low
12216,high
20237,low
21958,low
23740,low
29311,low
10610,low
10146,low
2272,low
4698,low
11431,low
17422,high
16813,low
20364,low
28631,low
11539,low
939,low
5080,low
13165,low
13983,high
20995,low
19924,low
23460,high
5925,low
15400,low
19035,low
27386,low
29427,low
8931,low
14206,low
14127,low
29894,low
30927,low
2777,low
910,low
17400,low
4847,low
5048,low
6976,low
6608,high
4527,low
31270,low
13917,low
20931,low
32481,low
30072,high
21819,low
5398,low
10747,low
3069,low
13549,low
1473,low
1472,low
7338,low
24637,low
17329,low
30747,low
3458,high
4420,low
6331,low
8739,low
26455,low
25161,low
13732,high
25506,low
29870,low
22293,high
6006,low
22855,low
6153,low
8719,low
26893,low
30351,low
9215,high
24730,low
27478,low
26393,low
400,low
24906,high
26794,low
24753,low
32242,low
12164,low
4236,low
23256,high
172,high
3876,low
25719,low
1004,low
21974,low
18170,low
4412,low
12844,low
25106,low
15971,low
27995,low
27066,low
18174,low
9519,low
29827,low
8645,low
9123,high
29947,low
25267,low
20709,low
29013,low
8390,low
14654,low
26159,high
9105,high
31035,low
15964,low
24281,high
24822,low
22463,low
25691,low
2720,low
12379,low
9229,low
9068,low
28041,low
27604,low
6158,low
32421,low
5777,low
978,low
2339,low
30015,low
5191,low
634,low
3093,high
32519,low
28616,high
6963,high
18749,low
29735,low
18278,low
12541,low
676,low
24201,low
26017,high
14197,high
20633,low
19487,low
29241,high
1989,low
23239,low
17188,low
406,low
31097,high
6984,low
14963,high
20927,low
29194,high
1705,low
22529,low
22364,low
19404,low
7033,low
31225,low
9020,low
22233,low
10040,low
13980,low
14883,low
27322,high
16427,low
18048,low
20119,low
24090,low
19343,low
3357,low
32403,low
15083,low
6396,low
1901,low
23266,high
31580,high
28496,low
5335,low
8854,high
18043,high
27344,low
17817,low
22617,low
13898,low
6469,low
29078,low
8137,low
16683,low
16502,high
6297,low
25699,high
13125,high
13753,low
17153,high
6226,low
12686,low
23848,low
22659,low
12656,low
4372,low
21363,low
1940,low
28455,low
24583,low
14029,low
29845,low
22856,low
4483,high
11325,low
26323,low
2817,low
30079,high
1644,high
27749,low
10759,high
21440,low
16048,low
8455,low
27217,high
2708,low
31172,low
18552,low
70,low
14781,high
1291,low
27516,low
10944,low
9919,low
7266,high
24321,high
8923,low
2170,low
28244,high
10176,low
15833,low
21991,low
21775,low
21211,low
8319,low
21044,high
17090,low
24268,low
29321,low
26152,low
11665,low
2901,high
27185,low
15566,low
23943,low
18222,high
21396,low
12287,low
21806,low
28034,low
29579,low
10271,low
6639,high
3111,high
3732,high
2500,low
24079,low
8797,low
16392,low
8810,low
29116,low
13170,low
18557,high
26189,low
20131,low
13381,low
26601,low
8275,low
24019,low
27532,high
18126,high
19957,low
26253,high
4463,low
195,low
14958,high
13037,low
7249,low
23783,high
20294,low
14278,low
3958,low
28079,low
17224,high
3427,high
2514,low
23631,low
11277,low
18771,low
9620,low
1197,high
17203,low
14791,low
32308,low
16682,high
5367,low
5507,low
12771,low
16715,low
11514,high
26925,low
19574,high
5937,low
1706,low
31356,low
10454,low
26605,low
17245,low
32222,high
22249,low
12630,low
4262,low
1735,high
31955,low
15689,high
22782,low
10671,low
10760,low
6202,low
1782,low
22134,low
30172,low
10331,low
12095,low
19778,low
5000,high
24204,low
375,low
2342,low
30536,high
26415,high
23981,low
428,low
30973,low
4159,low
639,high
18284,high
7274,low
16468,low
8979,high
9479,low
24327,high
20653,low
10997,low
22298,low
16301,high
15449,low
11551,low
22196,low
5837,low
22877,low
15429,low
22857,low
7318,low
8325,high
28711,low
607,low
20705,high
17990,low
12152,high
26333,low
30436,low
2005,low
6832,low
20537,high
4787,low
25705,low
6821,low
32361,low
7131,high
14460,low
29430,low
30577,low
18589,low
3829,high
9001,low
19018,low
27433,low
31321,low
30075,low
25625,low
26294,low
417,low
26067,high
14793,high
31841,low
18779,low
2846,high
28541,low
14989,low
18652,low
6459,low
869,low
12414,low
29667,low
8697,low
1374,low
9745,low
20177,low
27959,low
24921,low
894,high
30095,low
2434,low
12445,high
9263,low
6479,low
1935,high
8465,low
14105,low
14160,low
6978,low
6600,high
3225,high
30710,low
31655,high
12624,low
2369,low
12873,low
21517,high
28730,low
29618,low
22655,low
30533,low
11242,low
26770,low
9825,low
15504,low
30203,high
25589,low
18166,low
4108,low
2310,low
27648,low
26691,low
15636,low
25199,low
24484,low
20256,low
23966,low
27965,low
29965,low
22942,low
24277,low
20860,low
466,low
5497,high
12083,low
27766,low
28030,low
18473,high
23678,high
6451,low
28012,low
31727,high
10532,low
27821,low
3051,low
14161,low
29354,low
6554,low
21470,low
6192,low
8947,low
15701,high
31460,low
12131,low
10717,low
25801,low
3252,low
18296,low
16538,low
28094,low
21256,low
12046,low
8046,low
23475,low
24879,low
15443,low
8924,low
19773,low
17737,low
26540,low
7466,low
5024,low
1842,high
7433,low
16842,low
32497,low
9424,low
11183,low
20276,high
18328,low
13712,low
4576,low
8921,low
13327,low
8861,low
1749,low
22466,low
6154,low
10096,low
5226,low
14455,low
24568,low
21371,low
16761,low
13530,low
18506,low
29544,high
9344,high
2300,low
16248,low
30717,low
26297,low
19738,low
11126,low
21728,low
24157,low
21013,high
27890,low
23274,high
13957,low
1417,high
10937,high
30077,high
28665,low
25198,low
1494,low
6304,high
22831,low
15398,low
18590,low
26288,low
6605,low
3022,high
11448,low
24039,low
30044,high
22918,low
24356,high
2160,high
19670,low
15954,high
784,low
31920,low
16137,low
23724,low
25100,low
12736,low
514,low
23971,low
29896,low
9599,high
14587,low
22991,high
30033,low
7006,low
20417,high
18172,low
11890,low
24058,low
23731,low
18965,low
4057,low
18711,low
4407,high
26624,high
14193,low
9233,low
2075,low
20270,low
787,low
10942,low
23998,high
7182,low
12802,low
19382,low
24089,high
6685,low
16418,high
18243,low
14563,low
27738,high
18238,high
30370,low
11008,low
14703,low
24273,low
32473,low
29795,low
5770,low
28716,low
8426,low
21076,low
14064,low
32167,low
21866,low
24473,low
1875,low
5130,low
24727,low
18814,high
10561,low
30169,low
29383,low
23494,low
31111,high
25890,low
27090,low
11120,low
14171,low
5848,low
30539,high
25754,low
8494,low
9792,low
19568,high
22917,low
32392,low
446,low
16273,high
8717,low
715,low
2859,high
28526,low
31274,low
21522,low
15283,high
1033,low
11070,low
26379,low
16014,low
16438,low
18088,low
6031,low
11585,low
18061,low
14693,low
23851,low
11518,low
20014,high
24186,low
24900,high
29207,low
21065,low
22604,low
26056,low
11777,high
9055,low
19742,low
30989,low
18514,low
31588,low
1868,low
31302,high
27797,low
4373,low
16012,low
7518,low
29686,low
18220,low
15955,low
25202,low
22926,low
6583,low
16693,low
21221,low
15288,low
717,low
841,low
15838,low
10155,high
349,low
20807,low
9564,low
867,low
14419,low
1411,low
15463,low
3153,high
19772,low
25236,low
17883,low
15991,low
13245,low
28454,high
31368,low
16386,low
12013,low
25251,low
757,low
18833,low
5221,low
262,low
7202,high
23036,low
320,low
4585,low
14045,low
28539,low
22039,low
1772,high
8076,low
20154,low
14274,low
7660,low
13109,high
29867,high
19503,low
7041,low
18545,low
29954,high
30705,low
30528,low
31475,low
24529,low
7884,low
28100,low
32186,low
20153,low
30772,low
24460,low
32461,low
28653,low
19883,low
9851,low
29256,low
5807,low
18675,low
25560,low
25899,low
19248,low
30613,low
744,low
28349,high
28325,high
11124,high
23749,high
2704,low
5865,low
3930,low
7111,low
21849,low
24458,low
26697,high
11913,low
4281,low
19154,high
22259,low
4014,low
22550,low
27792,low
19511,low
4263,low
23577,low
30291,low
28620,low
24328,low
10503,low
32010,low
11588,low
10488,low
30999,low
21234,low
7529,low
2262,low
29089,low
3867,low
30986,low
26994,low
5599,low
24382,low
10487,low
7473,high
1464,low
4848,low
20628,low
19754,low
3645,low
20419,low
9921,low
31333,high
23337,low
28055,low
16214,low
7652,low
21743,low
2850,low
3451,high
31151,high
31177,low
21338,low
1637,low
3369,low
27470,low
22739,low
6393,low
19507,high
17941,low
32540,low
10753,low
20381,low
7888,high
31076,high
27934,low
30403,low
22456,low
2194,high
18818,low
6280,low
20251,low
11239,low
26781,low
4426,low
9517,low
29381,low
24718,low
29951,low
20246,low
23681,high
30331,low
28757,low
32054,low
2764,low
29130,low
29605,high
4532,low
22921,low
15359,low
10738,low
23766,low
19954,low
9646,low
17767,low
11186,low
17691,low
23572,low
3779,low
16302,low
11868,low
22268,low
28897,low
20341,low
4976,high
31899,low
2923,low
26355,low
22930,low
17879,low
29910,low
5029,low
2421,low
26942,high
8110,low
22638,low
19004,low
28553,low
856,low
30785,low
16955,low
2335,low
9026,low
23662,low
13020,low
8662,low
22072,low
9080,low
18647,low
31256,high
18778,low
1300,low
25736,low
13996,low
8705,low
27476,low
17799,high
23924,low
6526,low
15357,low
19892,low
28530,low
17369,low
27121,low
12372,low
8702,low
5658,high
22363,low
13038,low
4795,high
28923,low
27160,high
26749,low
27029,low
10559,low
8210,low
21568,low
11561,high
16638,low
27432,high
30411,low
21161,high
1800,low
2136,low
28126,high
16197,low
6334,high
5629,low
7269,low
19114,low
15723,low
23269,low
18129,high
16236,low
19661,low
29036,low
8765,low
880,low
28915,low
29715,low
23029,low
17404,low
24286,low
3507,low
14864,low
17191,low
12094,low
11415,low
1551,low
25030,high
8831,low
17847,low
5568,high
19100,low
17133,low
13724,low
23972,low
16400,low
14325,high
22146,high
22958,low
28549,low
9752,high
8649,low
6695,low
18108,high
358,low
28347,low
31492,low
19078,high
26653,low
8838,low
10769,high
31709,low
17797,low
9891,low
29445,low
13959,low
30122,low
13241,high
27887,low
16205,high
10994,low
4425,low
17951,low
29211,low
10158,low
6736,low
7593,low
1695,high
14486,low
11921,low
17328,low
25472,low
4182,low
24218,low
29135,low
24434,low
23756,high
15274,low
2435,low
27970,low
13021,low
31314,low
3974,low
27620,low
319,low
1380,low
22512,low
20084,low
26164,low
9727,low
4203,high
23702,low
13704,low
29758,low
623,low
12735,low
16637,high
15552,high
29573,low
10915,low
3702,low
5796,high
29971,high
30522,low
21357,high
7869,low
30187,low
6726,low
25412,low
29086,low
21295,low
8201,low
7845,low
14851,low
28542,low
20667,low
29111,low
23831,low
7755,low
10292,low
8669,high
2937,low
29483,low
17457,low
18437,high
15485,high
21868,high
2472,low
23568,low
12943,high
25422,low
25584,low
28132,low
29330,low
207,low
31803,low
21000,low
32483,low
24920,low
1546,low
2288,low
25316,low
16160,low
3182,low
6674,low
10020,low
22557,low
16598,low
4332,high
8682,high
19758,low
24681,low
28273,low
2510,low
24986,low
29922,low
5479,high
19636,low
6020,low
27021,low
18399,high
29763,low
1351,high
29030,high
31573,low
23931,low
31024,low
7760,low
27241,low
31800,low
10835,low
179,high
7250,low
10077,low
905,low
4438,high
24815,low
6330,low
369,low
10261,low
11174,low
5295,low
2425,low
17785,low
13007,low
20042,low
2188,low
18981,low
16885,low
19201,low
10927,low
15693,low
14394,high
3527,low
14701,high
4727,high
25368,high
10097,low
9968,low
18880,low
24559,low
5488,high
30239,high
13210,high
6418,low
12066,low
26123,low
15652,low
15987,low
22161,low
16774,low
27199,low
1099,low
7891,low
5691,low
673,high
17754,high
25287,high
12823,low
2714,low
22481,low
24653,low
2747,low
6723,low
17701,low
28424,low
10498,low
26199,high
914,low
4921,low
4898,high
11738,low
32058,low
28434,low
1734,low
17442,low
24661,low
12992,low
11695,low
3295,low
22374,low
10157,low
6859,low
10363,low
27622,high
17438,high
30035,low
11295,low
8711,low
22358,low
2168,low
24293,high
17183,low
6249,low
4859,low
18270,low
25499,low
13439,low
21136,low
65,low
9189,low
21981,high
30173,low
9335,low
15456,low
5641,low
16764,low
5482,low
24391,low
13854,low
32451,low
24380,high
25789,high
22108,low
27720,low
19747,low
19675,low
3292,high
15094,low
835,low
12343,low
9939,high
8175,low
23515,low
898,high
22805,low
26828,low
16243,high
25151,high
22931,low
20500,low
23479,high
16973,low
4677,low
30633,low
25369,high
6680,low
14775,low
27988,high
12259,low
3734,low
30765,low
9874,low
2172,low
22923,low
18023,high
29369,low
15319,low
2437,low
28165,low
15043,low
17961,low
24880,low
10264,low
31280,high
423,low
547,low
20167,low
6783,low
13036,low
31719,low
17450,low
22479,low
15158,low
25953,low
336,low
28511,high
25446,low
7527,low
6401,low
1478,low
3549,low
3125,high
24311,low
4427,low
14956,low
11818,low
23815,high
24202,low
11311,low
19873,low
28326,low
1172,low
23969,low
25613,low
8657,low
18943,low
21776,low
16712,low
736,low
15744,high
5754,high
32192,low
17399,low
24022,low
23021,low
18775,low
6045,low
24295,high
7230,low
17127,low
5244,low
9618,low
1708,low
12808,low
19903,low
27283,high
31622,low
26938,high
12197,low
26638,high
16624,low
2756,high
17581,low
6863,low
12330,low
19358,low
28520,low
22319,low
4219,low
31221,low
5864,low
17271,high
20625,high
23417,low
25763,low
10459,high
23185,low
20071,low
26583,low
24632,low
11797,low
20512,high
3454,low
18354,low
697,high
23004,high
11769,low
479,low
23663,low
26289,low
3237,low
29295,low
25812,low
16551,low
17541,low
18870,low
9592,low
25333,low
7002,low
551,low
1765,high
29288,low
5982,low
19572,low
12707,low
3494,low
4880,low
20618,low
29799,low
21127,low
13086,low
27628,low
3838,low
25893,low
24717,low
29517,low
3167,high
14251,low
15347,low
11859,low
26428,low
5015,low
18609,low
678,low
23617,low
15759,low
24593,low
25000,low
2979,low
2863,high
1198,low
11437,low
20412,low
27543,low
4015,low
7342,high
6025,low
66,low
11540,low
15767,high
3289,low
11774,low
29668,low
7139,low
2079,high
8773,low
5115,low
3644,low
5501,low
15025,low
2041,low
18519,high
17713,low
1418,low
31524,low
7572,high
721,low
10821,low
3815,low
26561,low
10847,low
14698,low
12189,high
2154,low
7921,low
23408,low
3203,low
12389,low
23221,low
26723,low
8370,low
9628,low
10943,low
27136,low
8,high
21525,low
1552,low
20487,low
24862,low
26344,low
5117,low
20999,low
10802,low
19286,low
30554,low
9164,low
8333,high
4514,low
9221,low
24237,low
16876,low
26849,low
23706,high
29267,low
2699,low
20917,low
13283,high
6851,low
20423,high
31216,high
4232,low
7936,low
12596,low
9862,low
24130,low
19185,low
28133,low
26772,low
8177,high
5819,low
31811,low
26443,low
14636,low
2685,low
28080,low
22519,high
25925,low
10555,low
12749,low
6779,low
1251,low
30246,high
22327,low
17627,low
12699,low
18269,low
3336,low
11643,low
16104,low
29168,low
15540,low
24320,high
14611,low
8743,high
31217,low
24114,low
1354,low
23154,low
15147,low
29810,low
31451,high
131,low
19141,low
19145,low
13214,high
437,low
20468,low
21075,low
29492,low
15684,low
11515,low
22115,low
32548,low
29649,low
3161,low
20168,high
14403,low
13779,high
17892,low
30398,low
32045,low
11303,low
15334,high
24352,low
28494,low
2449,low
10763,low
7208,low
2315,low
32367,low
19070,low
19514,low
29617,low
15247,low
27692,high
31566,low
22755,low
15057,low
25753,low
19325,low
14522,low
23278,low
9504,low
23305,high
23730,low
19760,low
4546,high
29441,low
11528,low
28348,high
29897,low
24190,low
13892,low
21756,low
14227,low
12134,low
23472,low
27654,low
25531,low
25666,low
19064,low
18332,high
2609,low
9679,low
275,low
14465,low
23034,low
24976,low
13836,high
30762,low
31989,low
13738,low
10567,low
23435,low
14283,low
26038,high
30635,low
31301,low
30544,low
6115,low
16143,low
20327,low
19966,low
3833,high
23474,low
34,low
8919,high
13399,low
6675,low
28844,low
11244,low
21669,low
16890,low
9446,low
26746,low
10812,low
6256,low
2983,low
6692,low
2729,low
1111,high
12061,low
5855,low
27746,low
5057,low
7091,low
25637,high
30292,low
28446,high
13194,high
4587,low
5594,low
22077,low
1786,high
12531,low
5692,low
22122,low
4391,low
27777,low
24994,low
7677,low
11465,low
26442,high
19984,low
15657,low
1549,low
15641,high
29634,low
10023,low
15272,low
30349,low
8899,low
5838,low
25190,high
20878,low
8703,low
26855,low
13334,low
12635,low
32029,high
10680,low
24577,low
29400,low
30288,low
10138,low
14586,high
31176,low
4448,low
4834,low
23426,low
28856,low
14685,low
6412,low
3767,low
32404,low
1150,low
21007,low
3140,low
27856,high
13689,low
30366,low
23108,low
843,low
6021,low
25155,high
12048,low
27170,low
18971,high
27105,high
15706,low
17464,low
10588,low
26632,high
18360,low
21299,low
13615,low
5851,low
20458,low
5087,low
24996,low
29794,low
11314,high
29163,low
18580,low
8701,low
27302,low
28401,low
731,low
15026,low
5591,low
14987,low
18489,high
22852,low
16455,low
14667,low
23507,low
936,low
3941,low
25126,low
8868,low
8633,high
14337,low
27930,low
6368,low
19330,low
21604,low
23272,low
2129,low
10124,low
2378,low
28561,high
2286,high
31595,low
26559,low
24622,low
17024,low
15087,high
15111,low
22323,high
24217,low
12449,low
4963,low
28827,high
13672,low
13314,low
2742,low
1362,low
15289,high
29024,low
30491,low
27118,high
21460,low
815,low
4793,low
15227,low
23178,low
31326,low
21411,low
22261,low
26458,low
23230,low
458,low
5306,low
30790,low
15300,low
29020,low
25360,high
26558,high
8430,low
9758,low
12739,high
10174,low
8825,low
28475,high
28984,low
27927,low
17952,low
4388,low
1503,high
15116,low
13865,low
3399,low
20151,low
25938,low
5494,high
8178,low
3178,low
6113,low
442,low
3345,low
19995,low
27936,low
1852,low
27621,low
28527,low
151,low
21738,low
30733,low
29490,low
8778,high
31416,low
9481,low
23910,low
12730,high
7200,low
10888,low
26324,low
25885,low
18746,low
24700,low
14595,low
18678,high
21301,low
23022,high
6138,low
1405,low
6932,low
7732,low
31134,low
6623,low
2237,high
19832,low
16553,low
12611,low
13329,low
10516,low
315,low
22471,high
15857,low
29994,low
10345,low
1454,low
24545,low
7201,low
25180,low
1624,low
27926,high
6846,low
20247,low
22394,low
31381,low
35,low
3991,low
28991,low
3467,low
27110,high
16334,high
18861,low
31349,low
1023,low
30260,low
10435,low
28828,low
3934,low
24441,low
4706,low
5980,high
6121,high
8176,low
27099,low
28902,high
20037,low
2422,low
9406,low
23781,low
6537,high
3574,high
11374,low
16100,low
14428,low
2223,low
28474,low
6041,low
4736,high
17721,low
15612,high
8242,low
13097,low
3560,low
16763,low
12035,low
6325,low
439,high
23085,low
31572,low
18155,high
30086,low
8064,high
17343,low
1079,high
5589,low
17561,low
13129,low
11499,low
18095,low
4836,low
8500,high
32157,high
1196,high
22160,low
17217,low
31807,high
19373,low
14469,low
21227,low
6085,low
13401,low
17863,low
11307,low
13236,high
20296,low
22032,low
29312,low
17779,low
2013,low
2784,low
10321,low
11486,low
19553,low
19737,low
29278,low
8528,low
11440,low
3482,low
15996,low
6598,low
604,low
28582,low
12241,low
2385,high
14022,low
3596,low
4902,low
3998,low
626,low
18538,high
25278,low
21457,low
21989,low
31002,low
4134,low
5355,low
2968,high
7935,low
21151,low
24017,low
22760,low
13770,low
30488,low
22567,low
3411,low
7272,high
7019,low
11903,low
1671,low
9619,high
6060,low
7511,low
7396,low
21867,high
367,low
14300,high
27897,low
30836,low
12556,high
23511,high
19849,low
32085,high
28185,high
14538,low
22597,low
19890,low
12913,low
6101,low
25735,low
31995,low
26528,low
16510,low
14378,low
7464,low
14576,low
25378,high
55,low
28005,low
8227,low
15940,low
4761,low
26730,low
31436,low
2994,high
31601,low
12499,low
953,low
